charge_end_I,charge_end_U,charge_end_soc,charge_energy,charge_max_temp,charge_min_temp,charge_start_I,charge_start_U,charge_start_soc,mileage,vehicle_id,year,month,week,day,hour,night,start,end,second_interval,charge_hour,dU,dsoc,ddsoc,dsoc/hour,dtemp,dmileage,dmileage/soc,interval_min,dU/dsoc,sum_charge,phase,charge_mode,energy/dsoc
-16.1,375.8,32.0,16.217,27,16,-16.7,334.9,12.0,108218.0,13,2017,11,2,1,16,0,2017-11-01 16:21:10,2017-11-01 17:27:00,3950.0,1.0972222222222223,40.900000000000034,20.0,0.0,18.22784810126582,11,0.0,,2.8333333333333335,2.0450000000000017,1.0972222222222223,0,3,0.81085
-16.2,375.4,34.4,14.485999999999999,23,14,-19.8,336.3,16.8,108321.0,13,2017,11,3,2,14,0,2017-11-02 14:35:16,2017-11-02 15:37:07,3711.0,1.0308333333333333,39.099999999999966,17.599999999999998,15.2,17.073565076798705,9,103.0,6.776315789473685,1268.2666666666667,2.2215909090909074,2.1280555555555556,0,3,0.8230681818181819
-16.1,375.6,34.8,23.932,23,12,-10.6,308.7,4.8,108479.0,13,2017,11,4,3,9,0,2017-11-03 09:37:41,2017-11-03 11:05:31,5270.0,1.4638888888888888,66.90000000000003,29.999999999999996,29.599999999999998,20.49335863377609,11,158.0,5.337837837837839,1078.3666666666666,2.2300000000000013,3.5919444444444446,0,3,0.7977333333333334
-16.1,375.7,34.4,10.547,23,16,-6.6,344.7,21.2,108559.0,13,2017,11,4,3,15,0,2017-11-03 15:16:38,2017-11-03 16:08:28,3110.0,0.8638888888888889,31.0,13.2,13.599999999999998,15.27974276527331,7,80.0,5.882352941176472,251.11666666666667,2.3484848484848486,4.4558333333333335,0,3,0.7990151515151516
-25.0,369.8,30.4,13.049000000000001,15,4,-1.7,329.8,14.4,108662.0,13,2017,11,5,4,7,0,2017-11-04 07:04:33,2017-11-04 07:46:43,2530.0,0.7027777777777777,40.0,15.999999999999998,20.0,22.766798418972332,11,103.0,5.15,896.0833333333334,2.5000000000000004,5.158611111111111,0,3,0.8155625000000002
-16.2,375.8,31.2,17.829,21,12,-21.2,329.9,9.2,108762.0,13,2017,11,5,4,15,0,2017-11-04 15:51:32,2017-11-04 17:04:45,4393.0,1.2202777777777778,45.900000000000034,22.0,21.2,18.02868199408149,9,100.0,4.716981132075472,484.81666666666666,2.0863636363636378,6.378888888888889,0,3,0.810409090909091
-16.1,375.6,31.2,9.391,22,16,-64.9,358.6,20.0,108895.0,13,2017,11,6,5,15,0,2017-11-05 15:13:04,2017-11-05 16:01:14,2890.0,0.8027777777777778,17.0,11.2,11.2,13.951557093425604,6,133.0,11.875,1328.3166666666666,1.517857142857143,7.181666666666667,0,3,0.838482142857143
-59.9,333.4,8.4,2.6310000000000002,21,16,-59.7,322.8,4.8,109120.0,13,2017,11,1,7,13,0,2017-11-07 13:11:00,2017-11-07 13:19:01,481.0,0.13361111111111112,10.599999999999966,3.6000000000000005,26.4,26.943866943866944,5,225.0,8.522727272727273,2709.766666666667,2.9444444444444344,7.315277777777778,0,3,0.7308333333333333
-16.1,375.7,31.2,20.924,18,8,-17.8,321.5,5.6,109558.0,13,2017,11,5,11,12,0,2017-11-11 12:44:29,2017-11-11 14:13:03,5314.0,1.4761111111111112,54.19999999999999,25.6,2.8000000000000007,17.342867896123447,10,438.0,156.4285714285714,5725.466666666666,2.1171874999999996,8.79138888888889,0,3,0.8173437499999999
-16.1,375.7,34.4,20.454,17,6,-14.4,321.6,9.2,109673.0,13,2017,11,0,13,8,0,2017-11-13 08:54:53,2017-11-13 10:19:04,5051.0,1.4030555555555555,54.099999999999966,25.2,22.0,17.960799841615522,11,115.0,5.2272727272727275,2561.8333333333335,2.1468253968253954,10.194444444444445,0,3,0.8116666666666668
-16.3,374.8,34.4,20.943,18,7,-65.8,325.9,8.0,109792.0,13,2017,11,1,14,8,0,2017-11-14 08:59:59,2017-11-14 10:24:33,5074.0,1.4094444444444445,48.900000000000034,26.4,26.4,18.730784391013007,11,119.0,4.507575757575758,1360.9166666666667,1.8522727272727286,11.60388888888889,0,3,0.7932954545454547
-16.2,375.6,33.6,18.762,22,12,-14.1,326.6,10.8,109909.0,13,2017,11,1,14,16,0,2017-11-14 16:11:44,2017-11-14 17:31:25,4781.0,1.3280555555555555,49.0,22.8,23.599999999999998,17.167956494457226,10,117.0,4.957627118644068,347.18333333333334,2.1491228070175437,12.931944444444445,0,3,0.8228947368421052
-16.2,375.4,35.6,17.709,16,6,-8.7,327.9,13.6,110005.0,13,2017,11,2,15,10,0,2017-11-15 10:20:33,2017-11-15 11:34:23,4430.0,1.2305555555555556,47.5,22.0,20.0,17.878103837471784,10,96.0,4.8,1009.1333333333333,2.159090909090909,14.162500000000001,0,3,0.8049545454545455
-16.2,375.5,33.6,17.912,13,2,-1.1,325.7,11.6,110102.0,13,2017,11,3,16,7,0,2017-11-16 07:09:31,2017-11-16 08:27:12,4661.0,1.2947222222222223,49.80000000000001,22.0,24.0,16.992061789315596,11,97.0,4.041666666666667,1175.1333333333334,2.263636363636364,15.457222222222224,0,3,0.8141818181818181
-22.1,367.4,28.8,15.207,20,11,-8.7,323.4,9.6,110215.0,13,2017,11,3,16,15,0,2017-11-16 15:17:49,2017-11-16 15:58:59,2470.0,0.6861111111111111,44.0,19.200000000000003,24.0,27.9838056680162,9,113.0,4.708333333333333,410.6166666666667,2.2916666666666665,16.143333333333334,0,3,0.79203125
-16.1,374.8,33.2,7.925,21,14,-24.7,351.9,23.6,110242.0,13,2017,11,3,16,17,0,2017-11-16 17:12:59,2017-11-16 17:57:16,2657.0,0.7380555555555556,22.900000000000034,9.600000000000001,5.199999999999999,13.007150922092586,7,27.0,5.192307692307693,74.0,2.38541666666667,16.88138888888889,0,3,0.8255208333333331
-16.2,371.5,33.6,15.97,18,8,-31.6,329.9,13.6,110335.0,13,2017,11,4,17,9,0,2017-11-17 09:56:24,2017-11-17 10:51:56,3332.0,0.9255555555555556,41.60000000000002,20.0,19.6,21.608643457382954,10,93.0,4.744897959183673,959.1333333333333,2.080000000000001,17.806944444444444,0,3,0.7985
-61.4,365.0,24.8,6.771,5,-1,-24.8,339.1,16.4,110393.0,13,2017,11,6,19,10,0,2017-11-19 10:09:58,2017-11-19 10:33:29,1411.0,0.39194444444444443,25.899999999999977,8.400000000000002,17.200000000000003,21.431608788093556,6,58.0,3.3720930232558133,2838.0333333333333,3.08333333333333,18.198888888888888,0,3,0.8060714285714283
-16.1,375.6,33.6,7.5920000000000005,8,3,-6.2,354.6,24.8,110393.0,13,2017,11,6,19,10,0,2017-11-19 10:37:02,2017-11-19 11:29:53,3171.0,0.8808333333333334,21.0,8.8,0.0,9.990539262062441,5,0.0,,3.55,2.3863636363636362,19.079722222222223,0,3,0.8627272727272727
-16.0,372.0,32.4,17.865,19,9,-16.0,324.0,10.4,110503.0,13,2017,11,6,19,17,0,2017-11-19 17:09:40,2017-11-19 18:11:40,3720.0,1.0333333333333334,48.0,22.0,23.200000000000003,21.29032258064516,10,110.0,4.741379310344827,339.78333333333336,2.1818181818181817,20.113055555555558,0,3,0.8120454545454545
-7.3,370.6,32.0,5.641,18,13,-14.1,356.4,25.2,110833.0,13,2017,11,1,21,18,0,2017-11-21 18:10:10,2017-11-21 18:35:50,1540.0,0.42777777777777776,14.200000000000045,6.800000000000001,0.0,15.896103896103899,5,0.0,,1.6666666666666667,2.0882352941176534,20.540833333333335,0,3,0.8295588235294117
-16.2,375.5,35.2,15.45,15,5,-45.6,335.2,16.4,110905.0,13,2017,11,2,22,8,0,2017-11-22 08:57:29,2017-11-22 10:03:19,3950.0,1.0972222222222223,40.30000000000001,18.800000000000004,15.600000000000001,17.134177215189876,10,72.0,4.615384615384615,861.65,2.143617021276596,21.638055555555557,0,3,0.8218085106382976
-63.7,361.2,24.0,10.677999999999999,17,10,-24.2,326.1,10.4,111025.0,13,2017,11,2,22,18,0,2017-11-22 18:04:19,2017-11-22 18:33:51,1772.0,0.4922222222222222,35.099999999999966,13.6,24.800000000000004,27.629796839729117,7,120.0,4.838709677419354,481.0,2.580882352941174,22.130277777777778,0,3,0.7851470588235293
-11.6,375.3,34.0,17.503,14,3,-59.7,337.8,12.8,111071.0,13,2017,11,3,23,8,0,2017-11-23 08:46:01,2017-11-23 10:09:11,4990.0,1.386111111111111,37.5,21.2,11.2,15.294589178356713,11,46.0,4.107142857142858,852.1666666666666,1.7688679245283019,23.51638888888889,0,3,0.8256132075471698
-16.1,375.6,34.4,11.618,16,10,-19.5,343.2,20.4,111147.0,13,2017,11,3,23,14,0,2017-11-23 14:56:23,2017-11-23 15:59:38,3795.0,1.0541666666666667,32.400000000000034,14.0,13.600000000000001,13.280632411067193,6,76.0,5.588235294117647,287.2,2.3142857142857167,24.570555555555558,0,3,0.8298571428571428
-29.8,371.7,32.0,14.554,14,3,-45.2,332.1,14.0,111240.0,13,2017,11,4,24,9,0,2017-11-24 09:18:49,2017-11-24 10:07:09,2900.0,0.8055555555555556,39.599999999999966,18.0,20.4,22.344827586206897,11,93.0,4.558823529411765,1039.1833333333334,2.199999999999998,25.376111111111115,0,3,0.8085555555555556
-16.1,375.5,33.2,15.315,18,9,-44.9,335.9,14.4,111325.0,13,2017,11,4,24,14,0,2017-11-24 14:30:29,2017-11-24 15:38:08,4059.0,1.1275,39.60000000000002,18.800000000000004,17.6,16.67405764966741,9,85.0,4.829545454545454,263.3333333333333,2.106382978723405,26.503611111111116,0,3,0.8146276595744679
-11.2,370.2,31.2,1.043,12,8,-24.6,369.4,30.0,111412.0,13,2017,11,5,25,8,0,2017-11-25 08:04:34,2017-11-25 08:11:44,430.0,0.11944444444444445,0.8000000000000114,1.1999999999999993,3.200000000000003,10.04651162790697,4,87.0,27.187499999999975,986.4333333333333,0.6666666666666765,26.62305555555556,0,3,0.8691666666666671
-16.1,374.6,30.8,18.003,18,8,-16.4,327.4,8.4,111508.0,13,2017,11,5,25,15,0,2017-11-25 15:53:23,2017-11-25 17:10:47,4644.0,1.29,47.200000000000045,22.4,22.799999999999997,17.364341085271317,10,96.0,4.210526315789474,461.65,2.1071428571428594,27.91305555555556,0,3,0.8037053571428572
-16.1,370.9,32.8,14.386,12,2,-18.5,330.2,14.8,112040.0,13,2017,11,2,29,9,0,2017-11-29 09:15:16,2017-11-29 10:09:08,3232.0,0.8977777777777778,40.69999999999999,17.999999999999996,16.0,20.049504950495045,10,532.0,33.25,5284.483333333334,2.261111111111111,28.810833333333335,0,3,0.7992222222222224
-16.0,375.4,34.0,17.695,16,5,-6.9,328.3,12.4,112118.0,13,2017,11,2,29,16,0,2017-11-29 16:44:32,2017-11-29 18:09:11,5079.0,1.4108333333333334,47.099999999999966,21.6,20.4,15.310100413467218,11,78.0,3.823529411764706,395.4,2.180555555555554,30.221666666666668,0,3,0.819212962962963
-5.9,370.4,32.8,14.795,12,1,-13.1,329.1,14.8,112192.0,13,2017,11,3,30,9,0,2017-11-30 09:15:50,2017-11-30 10:12:50,3420.0,0.95,41.299999999999955,17.999999999999996,19.2,18.94736842105263,11,74.0,3.854166666666667,906.65,2.2944444444444425,31.171666666666667,0,3,0.8219444444444446
-35.3,355.0,23.2,1.653,7,4,-5.1,344.1,21.2,112231.0,13,2017,11,3,30,17,0,2017-11-30 17:25:51,2017-11-30 17:34:42,531.0,0.1475,10.899999999999977,2.0,11.599999999999998,13.559322033898306,3,39.0,3.362068965517242,433.01666666666665,5.449999999999989,31.319166666666668,0,3,0.8265
-16.2,375.6,33.2,5.803999999999999,10,6,-55.3,366.9,26.4,112231.0,13,2017,11,3,30,17,0,2017-11-30 17:45:20,2017-11-30 18:29:50,2670.0,0.7416666666666667,8.700000000000045,6.800000000000004,-3.1999999999999993,9.168539325842701,4,0.0,-0.0,10.633333333333333,1.2794117647058882,32.060833333333335,0,3,0.8535294117647052
-29.8,370.7,32.0,6.612,13,6,-54.8,358.0,24.0,112307.0,13,2017,12,4,1,9,0,2017-12-01 09:49:29,2017-12-01 10:19:13,1784.0,0.4955555555555556,12.699999999999989,8.0,9.200000000000003,16.143497757847534,7,76.0,8.260869565217389,919.65,1.5874999999999986,32.55638888888889,0,3,0.8265
-16.2,370.8,31.2,16.331,14,2,-57.1,336.7,11.2,112388.0,13,2017,12,5,2,9,0,2017-12-02 09:03:24,2017-12-02 09:59:40,3376.0,0.9377777777777778,34.10000000000002,20.0,20.8,21.327014218009477,12,81.0,3.894230769230769,1364.1833333333334,1.7050000000000012,33.494166666666665,0,3,0.81655
-11.8,370.5,31.2,15.207,17,7,-1.9,327.9,12.4,112475.0,13,2017,12,5,2,17,0,2017-12-02 17:40:31,2017-12-02 18:31:17,3046.0,0.8461111111111111,42.60000000000002,18.799999999999997,18.799999999999997,22.219304005252788,10,87.0,4.627659574468086,460.85,2.265957446808512,34.34027777777778,0,3,0.8088829787234044
-16.1,375.6,34.0,23.598000000000003,19,9,-1.9,310.0,4.4,112608.0,13,2017,12,6,3,16,0,2017-12-03 16:28:52,2017-12-03 18:06:05,5833.0,1.6202777777777777,65.60000000000002,29.6,26.799999999999997,18.268472484141952,10,133.0,4.962686567164179,1317.5833333333333,2.2162162162162167,35.96055555555556,0,3,0.7972297297297298
-12.1,375.3,32.8,4.4830000000000005,13,8,-25.7,367.3,27.6,112697.0,13,2017,12,0,4,10,0,2017-12-04 10:50:36,2017-12-04 11:34:36,2640.0,0.7333333333333333,8.0,5.199999999999996,6.399999999999999,7.0909090909090855,5,89.0,13.906250000000004,1004.5166666666667,1.5384615384615397,36.69388888888889,0,3,0.8621153846153854
-16.2,375.7,34.0,13.222000000000001,17,9,-54.0,344.3,17.6,112876.0,13,2017,12,1,5,14,0,2017-12-05 14:43:59,2017-12-05 15:48:47,3888.0,1.08,31.399999999999977,16.4,15.199999999999996,15.185185185185183,8,179.0,11.776315789473687,1629.3833333333334,1.9146341463414622,37.77388888888889,0,3,0.8062195121951221
-16.1,375.6,33.6,18.921,14,3,-54.8,337.2,10.8,112983.0,13,2017,12,2,6,9,0,2017-12-06 09:44:27,2017-12-06 11:11:13,5206.0,1.4461111111111111,38.400000000000034,22.8,23.2,15.766423357664234,11,107.0,4.612068965517241,1075.6666666666667,1.684210526315791,39.22,0,3,0.8298684210526315
-16.1,371.5,31.6,13.167,19,10,-19.3,335.1,15.2,113079.0,13,2017,12,2,6,17,0,2017-12-06 17:27:21,2017-12-06 18:16:26,2945.0,0.8180555555555555,36.39999999999998,16.400000000000002,18.400000000000002,20.047538200339563,9,96.0,5.217391304347825,376.1333333333333,2.2195121951219496,40.03805555555555,0,3,0.8028658536585365
-16.1,375.7,33.6,1.892,19,15,-16.2,371.5,31.6,113079.0,13,2017,12,2,6,18,0,2017-12-06 18:16:48,2017-12-06 18:38:23,1295.0,0.3597222222222222,4.199999999999989,2.0,0.0,5.55984555984556,4,0.0,,0.36666666666666664,2.0999999999999943,40.397777777777776,0,3,0.946
-16.1,370.8,30.4,10.212,12,3,-3.4,336.5,17.6,113141.0,13,2017,12,3,7,9,0,2017-12-07 09:21:21,2017-12-07 09:57:41,2180.0,0.6055555555555555,34.30000000000001,12.799999999999997,16.0,21.13761467889908,9,62.0,3.875,882.9666666666667,2.6796875000000013,41.00333333333333,0,3,0.7978125000000001
-16.0,375.0,33.6,17.667,18,8,-15.3,328.6,12.0,113228.0,13,2017,12,3,7,16,0,2017-12-07 16:35:41,2017-12-07 17:53:11,4650.0,1.2916666666666667,46.39999999999998,21.6,18.4,16.72258064516129,10,87.0,4.728260869565218,398.0,2.148148148148147,42.294999999999995,0,3,0.8179166666666667
-54.9,369.3,29.2,12.436,11,2,-10.5,327.5,13.6,113310.0,13,2017,12,4,8,9,0,2017-12-08 09:08:07,2017-12-08 09:46:23,2296.0,0.6377777777777778,41.80000000000001,15.6,20.0,24.45993031358885,9,82.0,4.1,914.9333333333333,2.67948717948718,42.93277777777777,0,3,0.7971794871794872
-16.2,371.7,33.2,1.8519999999999999,13,9,-20.9,368.6,30.8,113310.0,13,2017,12,4,8,9,0,2017-12-08 09:57:09,2017-12-08 10:10:59,830.0,0.23055555555555557,3.099999999999966,2.400000000000002,-1.6000000000000014,10.409638554216876,4,0.0,-0.0,10.766666666666667,1.2916666666666514,43.16333333333333,0,3,0.771666666666666
-16.1,371.2,30.4,8.948,20,12,-53.7,348.8,18.0,113411.0,13,2017,12,4,8,15,0,2017-12-08 15:39:44,2017-12-08 16:19:29,2385.0,0.6625,22.399999999999977,12.399999999999999,15.200000000000003,18.71698113207547,8,101.0,6.644736842105262,328.75,1.8064516129032242,43.82583333333333,0,3,0.7216129032258065
-16.1,375.6,33.2,2.299,20,15,-16.1,371.1,30.4,113411.0,13,2017,12,4,8,16,0,2017-12-08 16:19:59,2017-12-08 16:45:37,1538.0,0.4272222222222222,4.5,2.8000000000000043,0.0,6.553966189856967,5,0.0,,0.5,1.6071428571428548,44.25305555555555,0,3,0.8210714285714273
-16.2,373.4,32.0,17.152,13,3,-20.4,331.5,13.2,113495.0,13,2017,12,5,9,9,0,2017-12-09 09:00:17,2017-12-09 10:08:06,4069.0,1.1302777777777777,41.89999999999998,18.8,20.000000000000004,16.633079380683217,10,84.0,4.199999999999999,974.6666666666666,2.2287234042553177,45.383333333333326,0,3,0.912340425531915
-16.1,375.7,33.6,15.263,19,10,-43.6,336.7,14.8,113590.0,13,2017,12,5,9,14,0,2017-12-09 14:37:48,2017-12-09 15:42:18,3870.0,1.075,39.0,18.8,17.2,17.48837209302326,9,95.0,5.523255813953488,269.7,2.074468085106383,46.45833333333333,0,3,0.8118617021276595
-16.0,372.1,31.2,3.165,19,13,-64.7,369.5,27.6,113640.0,13,2017,12,5,9,18,0,2017-12-09 18:10:05,2017-12-09 18:31:45,1300.0,0.3611111111111111,2.6000000000000227,3.599999999999998,6.0,9.969230769230764,6,50.0,8.333333333333334,147.78333333333333,0.722222222222229,46.81944444444444,0,3,0.8791666666666672
-16.1,375.6,32.8,1.9409999999999998,10,7,-12.1,370.8,30.4,113843.0,13,2017,12,0,11,14,0,2017-12-11 14:05:53,2017-12-11 14:28:10,1337.0,0.3713888888888889,4.800000000000011,2.3999999999999986,0.8000000000000007,6.462228870605831,3,203.0,253.74999999999977,2614.133333333333,2.0000000000000058,47.19083333333333,0,3,0.8087500000000004
-12.1,371.5,31.2,10.577,13,5,-4.3,338.8,18.4,113904.0,13,2017,12,0,11,18,0,2017-12-11 18:02:48,2017-12-11 18:50:00,2832.0,0.7866666666666666,32.69999999999999,12.8,14.399999999999999,16.27118644067797,8,61.0,4.236111111111112,214.63333333333333,2.554687499999999,47.9775,0,3,0.826328125
-16.0,375.4,33.6,15.415999999999999,13,1,-48.6,335.8,14.8,114008.0,13,2017,12,1,12,11,0,2017-12-12 11:30:23,2017-12-12 12:40:43,4220.0,1.1722222222222223,39.599999999999966,18.8,16.4,16.03791469194313,12,104.0,6.341463414634147,1000.3833333333333,2.1063829787234023,49.14972222222222,0,3,0.8199999999999998
-16.0,375.0,33.6,18.952,16,5,-9.6,324.0,10.4,114244.0,13,2017,12,2,13,17,0,2017-12-13 17:10:14,2017-12-13 18:29:03,4729.0,1.313611111111111,51.0,23.200000000000003,23.200000000000003,17.661239162613665,11,236.0,10.172413793103447,1709.5166666666667,2.1982758620689653,50.46333333333333,0,3,0.8168965517241379
-6.6,371.2,33.2,11.479000000000001,10,1,-59.5,344.3,19.2,114304.0,13,2017,12,3,14,9,0,2017-12-14 09:23:44,2017-12-14 10:12:50,2946.0,0.8183333333333334,26.899999999999977,14.000000000000004,14.400000000000002,17.107942973523425,9,60.0,4.166666666666666,894.6833333333333,1.9214285714285693,51.281666666666666,0,3,0.8199285714285713
-16.1,373.9,32.0,9.826,9,2,-23.9,344.9,20.4,114352.0,13,2017,12,3,14,17,0,2017-12-14 17:22:16,2017-12-14 18:16:13,3237.0,0.8991666666666667,29.0,11.600000000000001,12.800000000000004,12.900834105653384,7,48.0,3.7499999999999987,429.43333333333334,2.4999999999999996,52.18083333333333,0,3,0.8470689655172413
-29.9,370.0,29.6,17.495,14,4,-17.8,320.9,7.6,114455.0,13,2017,12,4,15,13,0,2017-12-15 13:35:03,2017-12-15 14:32:21,3438.0,0.955,49.10000000000002,22.0,25.199999999999996,23.036649214659686,10,103.0,4.087301587301588,1150.65,2.231818181818183,53.13583333333333,0,3,0.7952272727272728
-54.6,326.0,7.2,2.852,15,6,-13.0,252.0,2.8,114601.0,13,2017,12,4,15,19,0,2017-12-15 19:58:22,2017-12-15 20:08:02,580.0,0.16111111111111112,74.0,4.4,26.8,27.310344827586206,9,146.0,5.447761194029851,326.01666666666665,16.818181818181817,53.29694444444444,0,3,0.6481818181818181
-15.9,375.0,35.6,23.002,22,7,-2.1,319.1,7.2,114601.0,13,2017,12,4,15,20,0,2017-12-15 20:10:31,2017-12-15 21:46:21,5750.0,1.5972222222222223,55.89999999999998,28.400000000000002,0.0,17.78086956521739,15,0.0,,2.4833333333333334,1.9683098591549286,54.89416666666666,0,3,0.8099295774647887
-13.7,368.2,31.2,7.26,7,-1,-14.3,342.2,22.4,114657.0,13,2017,12,5,16,9,0,2017-12-16 09:36:31,2017-12-16 10:03:01,1590.0,0.44166666666666665,26.0,8.8,13.200000000000003,19.924528301886795,8,56.0,4.242424242424241,710.1666666666666,2.954545454545454,55.33583333333333,0,3,0.825
-16.2,374.8,35.6,15.503,13,3,-17.3,332.6,16.8,114729.0,13,2017,12,5,16,13,0,2017-12-16 13:23:58,2017-12-16 14:37:01,4383.0,1.2175,42.19999999999999,18.8,14.399999999999999,15.441478439425051,10,72.0,5.000000000000001,200.95,2.244680851063829,56.553333333333335,0,3,0.824627659574468
-16.1,373.8,32.8,11.487,14,5,-6.9,339.2,18.8,114796.0,13,2017,12,5,16,18,0,2017-12-16 18:02:25,2017-12-16 18:58:41,3376.0,0.9377777777777778,34.60000000000002,13.999999999999996,16.8,14.928909952606631,9,67.0,3.988095238095238,205.4,2.4714285714285738,57.49111111111111,0,3,0.8205000000000002
-16.1,375.6,35.6,18.035999999999998,13,3,-57.5,333.0,13.6,114891.0,13,2017,12,6,17,13,0,2017-12-17 13:56:23,2017-12-17 15:18:29,4926.0,1.3683333333333334,42.60000000000002,22.0,20.0,16.077953714981728,10,95.0,4.75,1129.3666666666666,1.9363636363636374,58.85944444444444,0,3,0.8198181818181817
-16.1,375.7,32.4,19.47,14,2,-22.1,325.0,8.4,114985.0,13,2017,12,0,18,10,0,2017-12-18 10:05:33,2017-12-18 11:35:23,5390.0,1.4972222222222222,50.69999999999999,24.0,27.200000000000003,16.02968460111317,12,94.0,3.455882352941176,1127.0666666666666,2.1124999999999994,60.35666666666666,0,3,0.8112499999999999
-16.1,375.7,33.6,7.345,9,3,-52.5,365.1,25.2,115075.0,13,2017,12,1,19,11,0,2017-12-19 11:03:00,2017-12-19 11:58:52,3352.0,0.9311111111111111,10.599999999999966,8.400000000000002,7.199999999999999,9.02147971360382,6,90.0,12.500000000000002,1407.6166666666666,1.2619047619047574,61.28777777777778,0,3,0.8744047619047617
-16.0,375.6,34.0,11.969000000000001,13,5,-63.6,345.4,19.6,115144.0,13,2017,12,1,19,17,0,2017-12-19 17:30:38,2017-12-19 18:34:40,3842.0,1.0672222222222223,30.200000000000045,14.399999999999999,14.0,13.492972410203016,8,69.0,4.928571428571429,331.76666666666665,2.0972222222222254,62.355,0,3,0.8311805555555557
-16.1,373.2,34.4,14.033,11,1,-1.9,331.4,17.2,115213.0,13,2017,12,2,20,9,0,2017-12-20 09:10:09,2017-12-20 10:13:30,3801.0,1.0558333333333334,41.80000000000001,17.2,16.8,16.2904498816101,10,69.0,4.107142857142857,875.4833333333333,2.4302325581395356,63.41083333333333,0,3,0.8158720930232558
-16.1,375.7,33.6,17.377,18,8,-8.5,329.3,12.0,115319.0,13,2017,12,2,20,16,0,2017-12-20 16:29:52,2017-12-20 17:46:45,4613.0,1.281388888888889,46.39999999999998,21.6,22.4,16.8567092998049,10,106.0,4.732142857142858,376.3666666666667,2.148148148148147,64.69222222222221,0,3,0.8044907407407407
-16.1,375.6,35.2,18.375999999999998,14,2,-18.3,327.0,12.4,115411.0,13,2017,12,3,21,9,0,2017-12-21 09:44:47,2017-12-21 11:07:47,4980.0,1.3833333333333333,48.60000000000002,22.800000000000004,21.200000000000003,16.481927710843376,12,92.0,4.339622641509433,958.0333333333333,2.1315789473684217,66.07555555555555,0,3,0.8059649122807016
-16.1,372.9,32.0,14.23,12,3,-14.7,332.9,14.4,115575.0,13,2017,12,4,22,11,0,2017-12-22 11:17:38,2017-12-22 12:14:37,3419.0,0.9497222222222222,40.0,17.6,20.800000000000004,18.53173442527055,9,164.0,7.884615384615383,1449.85,2.2727272727272725,67.02527777777777,0,3,0.8085227272727272
-16.2,371.2,31.2,14.842,19,11,-63.7,333.8,12.8,115682.0,13,2017,12,4,22,17,0,2017-12-22 17:26:33,2017-12-22 18:14:45,2892.0,0.8033333333333333,37.39999999999998,18.4,19.2,22.904564315352694,8,107.0,5.572916666666667,311.93333333333334,2.032608695652173,67.8286111111111,0,3,0.8066304347826088
-16.1,375.7,33.6,2.316,20,16,-16.2,371.1,31.2,115682.0,13,2017,12,4,22,18,0,2017-12-22 18:15:05,2017-12-22 18:39:27,1462.0,0.4061111111111111,4.599999999999966,2.400000000000002,0.0,5.909712722298227,4,0.0,,0.3333333333333333,1.9166666666666508,68.23472222222222,0,3,0.9649999999999991
-11.9,372.4,34.0,17.362000000000002,15,4,-25.0,327.5,12.8,115776.0,13,2017,12,5,23,10,0,2017-12-23 10:25:44,2017-12-23 11:33:21,4057.0,1.1269444444444445,44.89999999999998,21.2,20.8,18.811929997535124,11,94.0,4.519230769230769,946.2833333333333,2.1179245283018857,69.36166666666666,0,3,0.8189622641509435
-16.2,375.7,32.8,8.12,13,7,-9.4,349.7,23.2,115817.0,13,2017,12,5,23,17,0,2017-12-23 17:15:39,2017-12-23 18:07:23,3104.0,0.8622222222222222,26.0,9.599999999999998,10.8,11.134020618556699,6,41.0,3.796296296296296,342.3,2.708333333333334,70.2238888888889,0,3,0.8458333333333334
-16.2,375.5,35.6,20.007,18,9,-25.7,323.8,11.2,115942.0,13,2017,12,6,24,16,0,2017-12-24 16:22:56,2017-12-24 17:49:26,5190.0,1.4416666666666667,51.69999999999999,24.400000000000002,21.599999999999998,16.92485549132948,9,125.0,5.787037037037037,1335.55,2.118852459016393,71.66555555555556,0,3,0.8199590163934426
-25.8,371.4,32.8,12.472000000000001,20,8,-22.0,335.0,17.6,116024.0,13,2017,12,6,24,20,0,2017-12-24 20:47:24,2017-12-24 21:29:16,2512.0,0.6977777777777778,36.39999999999998,15.199999999999996,18.0,21.78343949044585,12,82.0,4.555555555555555,177.96666666666667,2.3947368421052624,72.36333333333333,0,3,0.820526315789474
-12.1,375.1,35.2,2.823,13,8,-21.0,370.7,32.0,116083.0,13,2017,12,0,25,9,0,2017-12-25 09:19:40,2017-12-25 09:51:11,1891.0,0.5252777777777777,4.400000000000034,3.200000000000003,0.7999999999999972,6.09201480698044,5,59.0,73.75000000000026,710.4,1.3750000000000093,72.8886111111111,0,3,0.8821874999999992
-15.9,375.6,33.6,12.439,12,3,-14.0,339.4,18.8,116151.0,13,2017,12,0,25,18,0,2017-12-25 18:30:15,2017-12-25 19:39:35,4160.0,1.1555555555555554,36.200000000000045,14.8,16.400000000000002,12.80769230769231,9,68.0,4.146341463414633,519.0666666666667,2.4459459459459487,74.04416666666665,0,3,0.840472972972973
-16.2,373.4,32.0,10.982999999999999,8,-1,-12.6,339.0,18.8,116210.0,13,2017,12,1,26,7,0,2017-12-26 07:06:59,2017-12-26 08:00:59,3240.0,0.9,34.39999999999998,13.2,14.8,14.666666666666666,9,59.0,3.9864864864864864,687.4,2.6060606060606046,74.94416666666666,0,3,0.8320454545454545
-16.1,375.5,32.0,1.766,10,5,-16.0,371.2,29.6,116239.0,13,2017,12,1,26,9,0,2017-12-26 09:38:56,2017-12-26 09:56:36,1060.0,0.29444444444444445,4.300000000000011,2.3999999999999986,2.3999999999999986,8.15094339622641,5,29.0,12.083333333333341,97.95,1.7916666666666725,75.23861111111111,0,3,0.7358333333333338
-16.1,375.7,33.6,13.398,12,4,-14.0,337.3,17.6,116311.0,13,2017,12,1,26,17,0,2017-12-26 17:10:15,2017-12-26 18:18:37,4102.0,1.1394444444444445,38.39999999999998,16.0,14.399999999999999,14.041930765480252,8,72.0,5.000000000000001,433.65,2.3999999999999986,76.37805555555556,0,3,0.837375
-16.2,375.6,35.2,3.065,10,6,-29.9,370.7,32.0,116371.0,13,2017,12,2,27,9,0,2017-12-27 09:12:54,2017-12-27 09:46:24,2010.0,0.5583333333333333,4.900000000000034,3.200000000000003,1.6000000000000014,5.7313432835820945,4,60.0,37.499999999999964,894.2833333333333,1.5312500000000093,76.9363888888889,0,3,0.9578124999999992
-54.7,359.0,23.2,3.2539999999999996,7,3,-16.3,341.0,19.2,116426.0,13,2017,12,2,27,17,0,2017-12-27 17:57:11,2017-12-27 18:07:01,590.0,0.1638888888888889,18.0,4.0,16.000000000000004,24.406779661016948,4,55.0,3.437499999999999,490.78333333333336,4.5,77.10027777777779,0,3,0.8134999999999999
-11.8,370.8,31.2,6.358,10,5,-24.2,352.9,23.6,116426.0,13,2017,12,2,27,18,0,2017-12-27 18:10:36,2017-12-27 18:40:37,1801.0,0.5002777777777778,17.900000000000034,7.599999999999998,-0.40000000000000213,15.191560244308711,5,0.0,-0.0,3.5833333333333335,2.355263157894742,77.60055555555557,0,3,0.8365789473684212
-16.2,375.7,32.4,18.087,12,2,-63.8,333.8,10.4,116503.0,13,2017,12,3,28,14,0,2017-12-28 14:37:15,2017-12-28 16:02:32,5117.0,1.4213888888888888,41.89999999999998,22.0,20.799999999999997,15.477819034590581,10,77.0,3.7019230769230775,1196.6333333333334,1.9045454545454534,79.02194444444446,0,3,0.8221363636363637
-16.1,375.5,32.8,6.641,14,8,-60.4,366.0,25.2,116607.0,13,2017,12,4,29,9,0,2017-12-29 09:23:14,2017-12-29 10:08:14,2700.0,0.75,9.5,7.599999999999998,7.199999999999999,10.133333333333331,6,104.0,14.444444444444446,1040.7,1.2500000000000004,79.77194444444446,0,3,0.8738157894736844
-16.1,375.6,34.0,16.994,17,5,-9.9,329.6,13.2,116697.0,13,2017,12,4,29,14,0,2017-12-29 14:56:10,2017-12-29 16:11:43,4533.0,1.2591666666666668,46.0,20.8,19.599999999999998,16.518861681005955,12,90.0,4.591836734693878,287.93333333333334,2.2115384615384617,81.03111111111113,0,3,0.8170192307692308
-16.1,371.4,30.4,4.62,15,8,-23.1,355.3,24.8,116724.0,13,2017,12,4,29,18,0,2017-12-29 18:23:05,2017-12-29 18:46:45,1420.0,0.39444444444444443,16.099999999999966,5.599999999999998,9.2,14.197183098591545,7,27.0,2.9347826086956523,131.36666666666667,2.874999999999995,81.42555555555558,0,3,0.8250000000000003
-60.9,359.8,23.2,5.311,3,-2,-9.1,333.1,16.4,116860.0,13,2017,12,6,31,8,0,2017-12-31 08:47:34,2017-12-31 09:08:14,1240.0,0.34444444444444444,26.69999999999999,6.800000000000001,14.0,19.74193548387097,5,136.0,9.714285714285714,2280.8166666666666,3.926470588235292,81.77000000000002,0,3,0.7810294117647057
-16.1,370.7,31.2,6.763,8,1,-11.9,351.4,23.2,116860.0,13,2017,12,6,31,9,0,2017-12-31 09:09:44,2017-12-31 09:41:24,1900.0,0.5277777777777778,19.30000000000001,8.0,0.0,15.157894736842104,7,0.0,,1.5,2.4125000000000014,82.2977777777778,0,3,0.845375
-16.1,375.7,31.2,17.919,17,7,-17.5,328.7,8.8,116945.0,13,2017,12,6,31,15,0,2017-12-31 15:10:43,2017-12-31 16:31:21,4838.0,1.343888888888889,47.0,22.4,22.4,16.668044646548157,10,85.0,3.794642857142857,329.31666666666666,2.098214285714286,83.64166666666668,0,3,0.7999553571428573
-16.1,371.4,30.4,5.0760000000000005,8,3,-64.8,365.0,24.4,117018.0,13,2018,1,0,1,13,0,2018-01-01 13:26:23,2018-01-01 13:53:23,1620.0,0.45,6.399999999999977,6.0,6.800000000000001,13.333333333333332,5,73.0,10.735294117647058,1255.0333333333333,1.0666666666666629,84.09166666666668,0,3,0.8460000000000001
-16.1,373.9,32.4,16.757,17,8,-9.2,328.3,12.0,117115.0,13,2018,1,0,1,17,0,2018-01-01 17:06:01,2018-01-01 18:15:41,4180.0,1.1611111111111112,45.599999999999966,20.4,18.4,17.56937799043062,9,97.0,5.271739130434783,192.63333333333333,2.235294117647057,85.2527777777778,0,3,0.8214215686274511
-16.1,375.7,33.2,13.927,13,4,-63.6,340.8,16.4,117243.0,13,2018,1,1,2,17,0,2018-01-02 17:48:45,2018-01-02 18:54:45,3960.0,1.1,34.89999999999998,16.800000000000004,16.0,15.272727272727275,9,128.0,8.0,1413.0666666666666,2.0773809523809503,86.35277777777779,0,3,0.828988095238095
-11.1,373.5,32.8,10.734000000000002,12,4,-21.0,342.3,20.0,117369.0,13,2018,1,2,3,14,0,2018-01-03 14:20:04,2018-01-03 15:10:14,3010.0,0.8361111111111111,31.19999999999999,12.799999999999997,13.200000000000003,15.30897009966777,8,126.0,9.545454545454543,1165.3166666666666,2.4374999999999996,87.1888888888889,0,3,0.8385937500000004
-16.1,375.6,35.2,10.925,14,5,-16.9,342.9,22.0,117425.0,13,2018,1,2,3,17,0,2018-01-03 17:58:24,2018-01-03 18:56:07,3463.0,0.9619444444444445,32.700000000000045,13.200000000000003,10.799999999999997,13.722206179613055,9,56.0,5.185185185185187,168.16666666666666,2.47727272727273,88.15083333333334,0,3,0.827651515151515
-6.1,372.1,29.2,18.076,17,5,-6.4,323.3,6.4,117597.0,13,2018,1,3,4,16,0,2018-01-04 16:19:14,2018-01-04 17:28:48,4174.0,1.1594444444444445,48.80000000000001,22.799999999999997,28.800000000000004,19.664590321034975,12,172.0,5.972222222222221,1283.1166666666666,2.1403508771929833,89.31027777777778,0,3,0.7928070175438597
-12.2,375.1,33.6,14.324000000000002,14,5,-19.4,335.7,16.0,117732.0,13,2018,1,4,5,15,0,2018-01-05 15:57:00,2018-01-05 17:05:30,4110.0,1.1416666666666666,39.400000000000034,17.6,13.2,15.416058394160586,9,135.0,10.227272727272728,1348.2,2.2386363636363655,90.45194444444445,0,3,0.8138636363636363
-16.1,375.4,34.0,20.648000000000003,13,-1,-21.1,321.3,8.4,117839.0,13,2018,1,5,6,8,0,2018-01-06 08:02:58,2018-01-06 09:38:30,5732.0,1.5922222222222222,54.099999999999966,25.6,25.200000000000003,16.078157711095606,14,107.0,4.246031746031745,897.4666666666667,2.1132812499999987,92.04416666666667,0,3,0.8065625000000001
-29.9,369.9,29.6,10.612,15,6,-15.3,336.2,16.4,117925.0,13,2018,1,5,6,14,0,2018-01-06 14:09:49,2018-01-06 14:42:09,1940.0,0.5388888888888889,33.69999999999999,13.200000000000003,17.6,24.494845360824748,9,86.0,4.886363636363636,271.31666666666666,2.5530303030303014,92.58305555555556,0,3,0.8039393939393937
-25.8,368.8,29.2,10.171,17,7,-31.5,337.7,16.8,117986.0,13,2018,1,5,6,18,0,2018-01-06 18:04:22,2018-01-06 18:36:42,1940.0,0.5388888888888889,31.100000000000023,12.399999999999999,12.8,23.010309278350515,10,61.0,4.765625,202.21666666666667,2.5080645161290342,93.12194444444445,0,3,0.820241935483871
-16.1,375.7,33.2,19.683,15,6,-23.7,324.4,8.8,118079.0,13,2018,1,6,7,14,0,2018-01-07 14:08:26,2018-01-07 15:37:39,5353.0,1.4869444444444444,51.30000000000001,24.400000000000002,20.4,16.409490005604336,9,93.0,4.558823529411765,1171.7333333333333,2.102459016393443,94.6088888888889,0,3,0.8066803278688524
-16.1,373.2,35.6,9.275,16,9,-57.1,348.5,24.4,118139.0,13,2018,1,6,7,18,0,2018-01-07 18:47:57,2018-01-07 19:32:28,2671.0,0.7419444444444444,24.69999999999999,11.200000000000003,8.800000000000004,15.095469861475108,7,60.0,6.818181818181815,190.3,2.2053571428571415,95.35083333333334,0,3,0.8281249999999998
-16.1,373.6,34.4,15.543,13,1,-10.0,329.8,15.2,118218.0,13,2018,1,0,8,8,0,2018-01-08 08:56:03,2018-01-08 10:02:23,3980.0,1.1055555555555556,43.80000000000001,19.2,20.400000000000002,17.36683417085427,12,79.0,3.8725490196078427,803.5833333333334,2.281250000000001,96.4563888888889,0,3,0.80953125
-16.1,375.5,31.6,21.884,18,5,-57.5,323.5,4.4,118341.0,13,2018,1,0,8,17,0,2018-01-08 17:00:55,2018-01-08 18:35:23,5668.0,1.5744444444444445,52.0,27.200000000000003,30.0,17.27593507410021,13,123.0,4.1,418.53333333333336,1.9117647058823528,98.03083333333333,0,3,0.8045588235294117
-29.8,370.2,27.6,6.867999999999999,16,6,-10.7,345.0,19.2,118403.0,13,2018,1,0,8,21,0,2018-01-08 21:01:11,2018-01-08 21:25:21,1450.0,0.4027777777777778,25.19999999999999,8.400000000000002,12.400000000000002,20.85517241379311,10,62.0,4.999999999999999,145.8,2.999999999999998,98.4336111111111,0,3,0.8176190476190474
-12.1,375.3,32.4,4.204,12,7,-25.3,368.1,27.6,118470.0,13,2018,1,1,9,11,0,2018-01-09 11:33:00,2018-01-09 12:14:34,2494.0,0.6927777777777778,7.199999999999989,4.799999999999997,0.0,6.928628708901359,5,67.0,inf,847.65,1.4999999999999984,99.12638888888888,0,3,0.8758333333333338
-16.0,375.6,33.2,9.099,12,6,-6.0,346.7,22.4,118521.0,13,2018,1,1,9,15,0,2018-01-09 15:16:26,2018-01-09 16:13:16,3410.0,0.9472222222222222,28.900000000000034,10.800000000000004,10.0,11.401759530791793,6,51.0,5.1,181.86666666666667,2.675925925925928,100.0736111111111,0,3,0.8424999999999997
-24.5,368.9,28.8,2.345,11,5,-25.0,357.6,26.0,118549.0,13,2018,1,1,9,18,0,2018-01-09 18:04:25,2018-01-09 18:14:35,610.0,0.16944444444444445,11.299999999999955,2.8000000000000007,7.200000000000003,16.52459016393443,6,28.0,3.8888888888888875,111.15,4.035714285714269,100.24305555555556,0,3,0.8374999999999999
-16.3,375.5,33.6,18.618,12,2,-20.6,326.5,10.4,118649.0,13,2018,1,2,10,15,0,2018-01-10 15:02:18,2018-01-10 16:28:58,5200.0,1.4444444444444444,49.0,23.200000000000003,18.4,16.061538461538465,10,100.0,5.434782608695652,1247.7166666666667,2.112068965517241,101.6875,0,3,0.8024999999999999
-9.6,369.2,31.6,2.263,4,0,-35.5,368.4,29.2,118751.0,13,2018,1,3,11,15,0,2018-01-11 15:47:52,2018-01-11 16:07:32,1180.0,0.3277777777777778,0.8000000000000114,2.400000000000002,4.400000000000002,7.322033898305091,4,102.0,23.18181818181817,1398.9,0.33333333333333776,102.01527777777778,0,3,0.9429166666666657
-16.0,375.6,30.4,15.925999999999998,9,-1,-29.9,337.9,11.2,118813.0,13,2018,1,4,12,15,0,2018-01-12 15:19:19,2018-01-12 16:37:29,4690.0,1.3027777777777778,37.700000000000045,19.2,0.0,14.737739872068229,10,0.0,,2.5,1.9635416666666692,103.31805555555556,0,3,0.8294791666666667
-16.2,375.7,33.6,15.9,11,1,-7.1,330.9,14.4,118892.0,13,2018,1,5,13,17,0,2018-01-13 17:53:13,2018-01-13 19:07:17,4444.0,1.2344444444444445,44.80000000000001,19.200000000000003,15.999999999999998,15.553555355535556,10,79.0,4.937500000000001,1515.7333333333333,2.3333333333333335,104.55250000000001,0,3,0.8281249999999999
-12.2,375.4,33.2,14.302,13,4,-20.2,335.5,15.6,119004.0,13,2018,1,6,14,12,0,2018-01-14 12:28:03,2018-01-14 13:40:13,4330.0,1.2027777777777777,39.89999999999998,17.6,18.0,14.632794457274828,9,112.0,6.222222222222222,1040.7666666666667,2.2670454545454533,105.75527777777779,0,3,0.8126136363636363
-16.1,373.4,33.6,7.546,13,7,-25.1,349.8,24.8,119056.0,13,2018,1,6,14,18,0,2018-01-14 18:09:40,2018-01-14 18:48:42,2342.0,0.6505555555555556,23.599999999999966,8.8,8.400000000000002,13.526900085397097,6,52.0,6.190476190476189,269.45,2.6818181818181777,106.40583333333335,0,3,0.8574999999999999
-16.1,375.6,30.8,18.631,13,3,-63.7,332.2,8.0,119144.0,13,2018,1,0,15,15,0,2018-01-15 15:11:59,2018-01-15 16:35:11,4992.0,1.3866666666666667,43.400000000000034,22.8,25.6,16.442307692307693,10,88.0,3.4375,1223.2833333333333,1.903508771929826,107.79250000000002,0,3,0.8171491228070176
-15.9,375.6,33.6,3.8139999999999996,8,4,-23.5,368.8,28.8,119201.0,13,2018,1,1,16,8,0,2018-01-16 08:37:00,2018-01-16 09:16:40,2380.0,0.6611111111111111,6.800000000000011,4.800000000000001,2.0,7.260504201680673,4,57.0,28.5,961.8166666666667,1.4166666666666687,108.45361111111113,0,3,0.7945833333333331
-16.0,375.5,34.0,23.875,19,7,-3.5,305.9,4.4,119362.0,13,2018,1,1,16,18,0,2018-01-16 18:14:00,2018-01-16 19:51:07,5827.0,1.618611111111111,69.60000000000002,29.6,29.200000000000003,18.287283336193585,12,161.0,5.513698630136986,537.3333333333334,2.351351351351352,110.07222222222224,0,3,0.8065878378378378
-16.1,375.7,33.6,12.467,10,3,-57.1,344.3,18.8,119429.0,13,2018,1,2,17,14,0,2018-01-17 14:11:22,2018-01-17 15:15:52,3870.0,1.075,31.399999999999977,14.8,15.2,13.767441860465118,7,67.0,4.407894736842105,1100.25,2.12162162162162,111.14722222222224,0,3,0.8423648648648648
-16.0,375.7,34.4,7.886,12,7,-14.1,350.2,25.2,119550.0,13,2018,1,3,18,14,0,2018-01-18 14:27:28,2018-01-18 15:13:58,2790.0,0.775,25.5,9.2,8.400000000000002,11.870967741935482,5,121.0,14.404761904761902,1391.6,2.7717391304347827,111.92222222222225,0,3,0.8571739130434783
-16.2,374.6,35.6,7.212999999999999,13,8,-19.6,351.3,27.2,119596.0,13,2018,1,3,18,17,0,2018-01-18 17:55:40,2018-01-18 18:35:41,2401.0,0.6669444444444445,23.30000000000001,8.400000000000002,7.199999999999999,12.594752186588924,5,46.0,6.388888888888889,161.7,2.7738095238095246,112.58916666666669,0,3,0.8586904761904759
-59.7,348.6,18.0,2.3040000000000003,9,5,-13.9,334.2,15.2,119675.0,13,2018,1,4,19,18,0,2018-01-19 18:14:48,2018-01-19 18:21:37,409.0,0.11361111111111111,14.400000000000034,2.8000000000000007,20.400000000000002,24.645476772616146,4,79.0,3.8725490196078427,1419.1166666666666,5.142857142857154,112.7027777777778,0,3,0.8228571428571427
-16.0,375.8,32.8,12.472000000000001,14,6,-10.0,341.7,18.0,119675.0,13,2018,1,4,19,18,0,2018-01-19 18:23:57,2018-01-19 19:29:37,3940.0,1.0944444444444446,34.10000000000002,14.799999999999997,0.0,13.522842639593904,8,0.0,,2.3333333333333335,2.304054054054056,113.79722222222225,0,3,0.842702702702703
-16.1,375.6,31.2,20.636999999999997,18,7,-20.5,322.0,5.6,119832.0,13,2018,1,5,20,14,0,2018-01-20 14:32:07,2018-01-20 16:03:35,5488.0,1.5244444444444445,53.60000000000002,25.6,27.199999999999996,16.793002915451897,11,157.0,5.772058823529413,1142.5,2.093750000000001,115.32166666666669,0,3,0.8061328124999998
-16.0,371.1,28.8,4.166,16,10,-18.2,355.7,23.6,119870.0,13,2018,1,5,20,18,0,2018-01-20 18:02:33,2018-01-20 18:21:53,1160.0,0.32222222222222224,15.400000000000034,5.199999999999999,7.599999999999998,16.137931034482754,6,38.0,5.000000000000002,118.96666666666667,2.9615384615384683,115.64388888888891,0,3,0.8011538461538463
-12.0,373.7,34.4,2.842,9,5,-25.6,369.3,30.8,119915.0,13,2018,1,6,21,8,0,2018-01-21 08:56:50,2018-01-21 09:24:43,1673.0,0.4647222222222222,4.399999999999977,3.599999999999998,-2.0,7.746563060370588,4,45.0,-22.5,874.95,1.2222222222222165,116.10861111111113,0,3,0.789444444444445
-12.2,375.3,30.8,18.936,17,5,-19.2,326.8,7.6,120025.0,13,2018,1,6,21,15,0,2018-01-21 15:29:20,2018-01-21 16:50:32,4872.0,1.3533333333333333,48.5,23.200000000000003,27.6,17.142857142857146,12,110.0,3.9855072463768115,356.75,2.09051724137931,117.46194444444447,0,3,0.8162068965517241
-16.2,375.5,33.6,3.575,14,7,-29.8,369.3,29.2,120077.0,13,2018,1,6,21,21,0,2018-01-21 21:35:29,2018-01-21 22:09:00,2011.0,0.5586111111111111,6.199999999999989,4.400000000000002,1.6000000000000014,7.876678269517657,7,52.0,32.49999999999997,284.95,1.4090909090909058,118.02055555555557,0,3,0.8124999999999997
-16.1,375.5,35.2,9.204,10,2,-31.7,347.7,24.0,120219.0,13,2018,1,0,22,17,0,2018-01-22 17:50:10,2018-01-22 18:48:42,3512.0,0.9755555555555555,27.80000000000001,11.200000000000003,9.600000000000001,11.480637813211848,8,142.0,14.791666666666664,1181.1666666666667,2.4821428571428577,118.99611111111113,0,3,0.8217857142857141
-25.4,366.5,29.2,3.855,13,4,-7.6,347.3,24.8,120606.0,13,2018,1,3,25,17,0,2018-01-25 17:57:40,2018-01-25 18:08:10,630.0,0.175,19.19999999999999,4.399999999999999,7.599999999999998,25.142857142857135,9,41.0,5.394736842105265,128.23333333333332,4.363636363636362,119.17111111111113,0,3,0.8761363636363639
-15.9,375.5,32.0,5.415,11,5,-60.0,368.8,25.6,120830.0,13,2018,1,5,27,12,0,2018-01-27 12:25:30,2018-01-27 13:10:50,2720.0,0.7555555555555555,6.699999999999989,6.399999999999999,3.599999999999998,8.470588235294116,6,224.0,62.22222222222226,2537.3333333333335,1.0468749999999984,119.92666666666669,0,3,0.8460937500000002
-16.1,375.4,33.6,2.84,13,8,-29.8,371.5,30.4,120980.0,13,2018,1,6,28,15,0,2018-01-28 15:09:17,2018-01-28 15:42:28,1991.0,0.5530555555555555,3.8999999999999773,3.200000000000003,1.6000000000000014,5.786037167252642,5,150.0,93.74999999999991,1558.45,1.2187499999999918,120.47972222222225,0,3,0.8874999999999992
-59.6,360.7,26.4,1.459,11,4,-18.9,348.6,24.4,121028.0,13,2018,1,6,28,18,0,2018-01-28 18:04:25,2018-01-28 18:08:46,261.0,0.0725,12.099999999999966,2.0,9.200000000000003,27.586206896551726,7,48.0,5.217391304347824,141.95,6.049999999999983,120.55222222222226,0,3,0.7295
-11.0,369.3,29.6,8.062999999999999,2,-5,-16.6,342.0,20.0,121047.0,13,2018,1,0,29,7,0,2018-01-29 07:16:27,2018-01-29 08:15:47,3560.0,0.9888888888888889,27.30000000000001,9.600000000000001,6.399999999999999,9.707865168539326,7,19.0,2.9687500000000004,787.6833333333333,2.843750000000001,121.54111111111115,0,3,0.8398958333333331
-16.1,373.6,32.4,17.447,14,2,-41.1,329.1,11.2,121128.0,13,2018,1,0,29,11,0,2018-01-29 11:48:41,2018-01-29 12:55:31,4010.0,1.113888888888889,44.5,21.2,18.400000000000002,19.032418952618453,12,81.0,4.402173913043478,212.9,2.099056603773585,122.65500000000004,0,3,0.8229716981132076
-16.1,375.5,35.2,16.419,18,7,-45.6,333.4,15.2,121222.0,13,2018,1,0,29,17,0,2018-01-29 17:32:29,2018-01-29 18:44:59,4350.0,1.2083333333333333,42.10000000000002,20.000000000000004,17.2,16.55172413793104,11,94.0,5.465116279069767,276.96666666666664,2.105000000000001,123.86333333333337,0,3,0.8209499999999998
-16.0,371.5,33.6,10.236,19,7,-14.6,340.8,20.8,121296.0,13,2018,1,0,29,20,0,2018-01-29 20:43:00,2018-01-29 21:24:40,2500.0,0.6944444444444444,30.69999999999999,12.8,14.400000000000002,18.432000000000002,12,74.0,5.138888888888888,118.01666666666667,2.398437499999999,124.55777777777782,0,3,0.7996875
-16.1,375.5,33.2,14.122,10,-2,-16.4,335.1,16.0,121365.0,13,2018,1,1,30,7,0,2018-01-30 07:39:00,2018-01-30 08:54:30,4530.0,1.2583333333333333,40.39999999999998,17.200000000000003,17.6,13.668874172185433,12,69.0,3.920454545454545,614.3333333333334,2.348837209302324,125.81611111111116,0,3,0.8210465116279069
-16.0,375.6,33.2,5.005,14,10,-30.0,367.0,27.2,121454.0,13,2018,1,1,30,15,0,2018-01-30 15:35:43,2018-01-30 16:18:23,2560.0,0.7111111111111111,8.600000000000023,6.0000000000000036,6.0000000000000036,8.437500000000005,4,89.0,14.833333333333325,401.21666666666664,1.4333333333333362,126.52722222222226,0,3,0.8341666666666662
-16.1,375.6,33.2,14.245,14,5,-25.2,335.9,16.0,121616.0,13,2018,1,2,31,18,0,2018-01-31 18:12:30,2018-01-31 19:20:34,4084.0,1.1344444444444444,39.700000000000045,17.200000000000003,17.200000000000003,15.161606268364352,9,162.0,9.41860465116279,1554.1166666666666,2.3081395348837233,127.6616666666667,0,3,0.8281976744186045
-16.1,375.6,33.6,11.007,12,4,-8.6,340.4,19.2,121719.0,13,2018,2,3,1,11,0,2018-02-01 11:56:35,2018-02-01 12:56:25,3590.0,0.9972222222222222,35.200000000000045,14.400000000000002,14.000000000000004,14.440111420612816,8,103.0,7.357142857142855,996.0166666666667,2.4444444444444473,128.65888888888892,0,3,0.7643749999999999
-16.0,372.6,32.8,14.35,19,9,-60.1,338.5,14.4,121823.0,13,2018,2,3,1,17,0,2018-02-01 17:27:22,2018-02-01 18:24:42,3440.0,0.9555555555555556,34.10000000000002,18.4,19.200000000000003,19.25581395348837,10,104.0,5.416666666666666,270.95,1.8532608695652188,129.61444444444447,0,3,0.7798913043478262
-10.4,374.3,33.2,1.2009999999999998,9,6,-9.9,371.7,31.6,121913.0,13,2018,2,4,2,19,0,2018-02-02 19:06:51,2018-02-02 19:21:43,892.0,0.2477777777777778,2.6000000000000227,1.6000000000000014,1.1999999999999957,6.457399103139019,3,90.0,75.00000000000027,1482.15,1.6250000000000127,129.86222222222224,0,3,0.7506249999999992
-9.7,372.2,31.6,15.897,18,5,-75.2,334.1,12.0,121996.0,13,2018,2,4,2,21,0,2018-02-02 21:45:33,2018-02-02 22:43:13,3460.0,0.9611111111111111,38.099999999999966,19.6,21.200000000000003,20.393063583815028,13,83.0,3.915094339622641,143.83333333333334,1.9438775510204063,130.82333333333335,0,3,0.8110714285714286
-16.1,375.4,30.4,19.972,14,1,-22.0,323.1,5.6,122076.0,13,2018,2,5,3,11,0,2018-02-03 11:23:25,2018-02-03 12:48:49,5124.0,1.4233333333333333,52.299999999999955,24.799999999999997,26.0,17.423887587822012,13,80.0,3.076923076923077,760.2,2.1088709677419337,132.2466666666667,0,3,0.8053225806451615
-16.0,375.6,33.2,14.567,16,5,-16.1,334.9,15.6,122252.0,13,2018,2,6,4,15,0,2018-02-04 15:10:53,2018-02-04 16:14:43,3830.0,1.0638888888888889,40.700000000000045,17.6,14.799999999999999,16.54308093994778,11,176.0,11.891891891891893,1582.0666666666666,2.312500000000002,133.3105555555556,0,3,0.8276704545454545
-15.9,375.3,32.4,16.055,9,-2,-29.9,332.0,12.8,122324.0,13,2018,2,0,5,8,0,2018-02-05 08:39:36,2018-02-05 10:07:26,5270.0,1.4638888888888888,43.30000000000001,19.599999999999998,20.400000000000002,13.38899430740038,11,72.0,3.529411764705882,984.8833333333333,2.2091836734693886,134.7744444444445,0,3,0.8191326530612245
-16.2,375.6,33.6,11.109000000000002,11,2,-15.6,342.6,20.0,122394.0,13,2018,2,0,5,14,0,2018-02-05 14:35:35,2018-02-05 15:36:58,3683.0,1.0230555555555556,33.0,13.600000000000001,12.399999999999999,13.293510724952485,9,70.0,5.645161290322581,268.15,2.426470588235294,135.79750000000004,0,3,0.8168382352941177
-23.6,349.7,20.8,2.88,-2,-7,-16.1,336.1,17.2,122461.0,13,2018,2,1,6,7,0,2018-02-06 07:25:40,2018-02-06 07:46:30,1250.0,0.3472222222222222,13.599999999999966,3.6000000000000014,16.400000000000002,10.368000000000004,5,67.0,4.085365853658536,948.7,3.777777777777767,136.14472222222227,0,3,0.7999999999999996
-9.2,369.4,30.4,7.986000000000001,2,-6,-6.2,345.2,20.8,122461.0,13,2018,2,1,6,7,0,2018-02-06 07:48:40,2018-02-06 08:48:59,3619.0,1.0052777777777777,24.19999999999999,9.599999999999998,0.0,9.549599336833378,8,0.0,,2.1666666666666665,2.5208333333333326,137.15000000000003,0,3,0.8318750000000003
-12.2,375.6,32.0,15.530999999999999,11,2,-5.1,331.6,13.2,122530.0,13,2018,2,1,6,15,0,2018-02-06 15:09:14,2018-02-06 16:26:44,4650.0,1.2916666666666667,44.0,18.8,17.2,14.55483870967742,9,69.0,4.011627906976744,380.25,2.3404255319148937,138.4416666666667,0,3,0.8261170212765957
-16.1,375.6,30.8,4.063,14,11,-29.8,368.5,26.0,122753.0,13,2018,2,3,8,18,0,2018-02-08 18:06:28,2018-02-08 18:43:14,2206.0,0.6127777777777778,7.100000000000023,4.800000000000001,7.600000000000001,7.833182230281053,3,153.0,20.131578947368418,1924.0333333333333,1.4791666666666712,139.30444444444447,0,3,0.8464583333333332
-25.1,371.7,28.8,13.11,12,3,-14.0,332.3,12.8,122843.0,13,2018,2,4,9,14,0,2018-02-09 14:43:44,2018-02-09 15:30:04,2780.0,0.7722222222222223,39.39999999999998,16.0,18.0,20.719424460431654,9,90.0,5.0,1200.5,2.4624999999999986,140.07666666666668,0,3,0.819375
-16.1,374.5,32.8,13.835,15,5,-18.2,335.7,16.0,122908.0,13,2018,2,4,9,19,0,2018-02-09 19:25:43,2018-02-09 20:32:14,3991.0,1.1086111111111112,38.80000000000001,16.799999999999997,12.8,15.154096717614628,10,65.0,5.078125,235.65,2.3095238095238106,141.1852777777778,0,3,0.823511904761905
-16.2,375.5,32.8,17.375,12,1,-26.1,330.3,11.6,122995.0,13,2018,2,5,10,13,0,2018-02-10 13:31:50,2018-02-10 14:50:10,4700.0,1.3055555555555556,45.19999999999999,21.199999999999996,21.199999999999996,16.23829787234042,11,87.0,4.103773584905661,1019.6,2.132075471698113,142.49083333333334,0,3,0.8195754716981134
-16.1,375.4,32.0,16.133,17,5,-6.8,331.1,12.0,123081.0,13,2018,2,5,10,18,0,2018-02-10 18:24:02,2018-02-10 19:38:03,4441.0,1.2336111111111112,44.299999999999955,20.0,20.799999999999997,16.212564737671695,12,86.0,4.134615384615385,213.86666666666667,2.2149999999999976,143.72444444444446,0,3,0.80665
-16.0,375.7,34.0,5.065,12,8,-29.9,366.5,28.0,123171.0,13,2018,2,0,12,12,0,2018-02-12 12:54:01,2018-02-12 13:33:21,2360.0,0.6555555555555556,9.199999999999989,6.0,4.0,9.152542372881356,4,90.0,22.5,2475.9666666666667,1.5333333333333314,144.38000000000002,0,3,0.8441666666666667
-16.2,375.6,35.2,1.5030000000000001,19,16,-16.1,372.2,33.6,123661.0,13,2018,2,0,19,17,0,2018-02-19 17:33:55,2018-02-19 17:50:15,980.0,0.2722222222222222,3.400000000000034,1.6000000000000014,0.0,5.877551020408169,3,0.0,,0.3333333333333333,2.1250000000000195,144.65222222222224,0,3,0.9393749999999992
-16.2,375.7,32.8,16.718,17,6,-22.8,331.7,12.0,123763.0,13,2018,2,2,21,15,0,2018-02-21 15:47:56,2018-02-21 16:56:17,4101.0,1.1391666666666667,44.0,20.799999999999997,23.200000000000003,18.25896122896854,11,102.0,4.396551724137931,2757.6833333333334,2.115384615384616,145.7913888888889,0,3,0.8037500000000001
-16.0,375.8,82.0,14.737,15,5,-13.5,334.4,38.0,124066.0,13,2018,2,6,25,16,0,2018-02-25 16:48:08,2018-02-25 17:57:28,4160.0,1.1555555555555554,41.400000000000034,44.0,46.0,38.07692307692308,10,89.0,1.934782608695652,1334.5333333333333,0.9409090909090917,1.1555555555555554,1,3,0.33493181818181816
-16.2,374.1,83.0,10.127,14,6,-65.7,354.7,52.0,124152.0,13,2018,2,0,26,10,0,2018-02-26 10:17:01,2018-02-26 11:05:09,2888.0,0.8022222222222222,19.400000000000034,31.0,30.0,38.64265927977839,8,86.0,2.8666666666666667,979.55,0.6258064516129044,1.9577777777777776,1,3,0.32667741935483874
-16.1,375.7,84.0,9.145,15,11,-22.6,349.4,57.0,124205.0,13,2018,2,0,26,17,0,2018-02-26 17:51:36,2018-02-26 18:44:08,3152.0,0.8755555555555555,26.30000000000001,27.0,26.0,30.83756345177665,4,53.0,2.0384615384615383,406.45,0.9740740740740745,2.833333333333333,1,3,0.3387037037037037
-16.0,374.4,87.0,8.432,10,4,-7.7,347.4,62.0,124252.0,13,2018,2,1,27,8,0,2018-02-27 08:41:51,2018-02-27 09:30:52,2941.0,0.8169444444444445,27.0,25.0,0.0,30.60183611016661,6,0.0,,1.8166666666666667,1.08,3.6502777777777773,1,3,0.33728
-16.0,375.7,84.0,11.152000000000001,12,6,-21.2,343.7,51.0,124319.0,13,2018,2,1,27,17,0,2018-02-27 17:38:14,2018-02-27 18:39:46,3692.0,1.0255555555555556,32.0,33.0,38.0,32.17768147345612,6,67.0,1.763157894736842,480.3666666666667,0.9696969696969697,4.786944444444444,1,3,0.337939393939394
-16.1,375.6,82.0,15.685,15,5,-5.6,332.2,34.0,124402.0,13,2018,2,2,28,12,0,2018-02-28 12:09:16,2018-02-28 13:19:59,4243.0,1.178611111111111,43.400000000000034,48.0,50.0,40.72590148479849,10,83.0,1.66,1049.5,0.9041666666666673,5.9655555555555555,1,3,0.32677083333333334
-7.6,372.8,82.0,10.008,17,10,-8.1,343.6,52.0,124472.0,13,2018,2,2,28,18,0,2018-02-28 18:11:10,2018-02-28 18:56:21,2711.0,0.7530555555555556,29.19999999999999,30.0,30.0,39.83769826632239,7,70.0,2.3333333333333335,291.18333333333334,0.9733333333333329,6.718611111111111,1,3,0.33359999999999995
-16.1,375.6,82.0,14.98,13,4,-22.1,334.6,36.0,124549.0,13,2018,3,3,1,10,0,2018-03-01 10:38:27,2018-03-01 11:48:41,4214.0,1.1705555555555556,41.0,46.0,46.0,39.29757949691504,9,77.0,1.673913043478261,942.1,0.8913043478260869,7.889166666666666,1,3,0.32565217391304346
-16.0,375.6,86.0,13.213,18,10,-38.5,340.3,46.0,124633.0,13,2018,3,3,1,17,0,2018-03-01 17:27:02,2018-03-01 18:29:32,3750.0,1.0416666666666667,35.30000000000001,40.0,36.0,38.4,8,84.0,2.3333333333333335,338.35,0.8825000000000003,8.930833333333332,1,3,0.330325
-16.1,375.7,84.0,12.046,12,4,-19.8,340.6,47.0,124699.0,13,2018,3,4,2,10,0,2018-03-02 10:03:58,2018-03-02 11:05:37,3699.0,1.0275,35.099999999999966,37.0,39.0,36.009732360097324,8,66.0,1.6923076923076923,934.4333333333333,0.9486486486486477,9.958333333333332,1,3,0.32556756756756755
-29.9,369.9,73.0,12.167,18,10,-20.2,333.9,36.0,124799.0,13,2018,3,4,2,18,0,2018-03-02 18:29:35,2018-03-02 19:06:05,2190.0,0.6083333333333333,36.0,37.0,48.0,60.82191780821918,8,100.0,2.0833333333333335,443.96666666666664,0.972972972972973,10.566666666666665,1,3,0.3288378378378378
-16.0,373.8,86.0,15.964,16,6,-20.1,330.6,37.0,124879.0,13,2018,3,5,3,9,0,2018-03-03 09:31:58,2018-03-03 10:36:08,3850.0,1.0694444444444444,43.19999999999999,49.0,36.0,45.81818181818182,10,80.0,2.2222222222222223,865.8833333333333,0.8816326530612243,11.63611111111111,1,3,0.32579591836734695
-29.9,369.6,76.0,9.884,19,12,-16.6,338.7,46.0,124970.0,13,2018,3,5,3,17,0,2018-03-03 17:24:03,2018-03-03 17:55:35,1892.0,0.5255555555555556,30.900000000000034,30.0,40.0,57.08245243128964,7,91.0,2.275,407.9166666666667,1.0300000000000011,12.161666666666665,1,3,0.3294666666666667
-16.1,375.2,83.0,14.129000000000001,17,10,-14.8,336.1,40.0,125044.0,13,2018,3,6,4,15,0,2018-03-04 15:12:48,2018-03-04 16:16:48,3840.0,1.0666666666666667,39.099999999999966,43.0,36.0,40.3125,7,74.0,2.0555555555555554,1277.2166666666667,0.9093023255813946,13.228333333333332,1,3,0.32858139534883724
-16.5,371.6,76.0,13.897,15,5,-37.2,335.0,34.0,125129.0,13,2018,3,0,5,12,0,2018-03-05 12:51:04,2018-03-05 13:34:54,2630.0,0.7305555555555555,36.60000000000002,42.0,49.0,57.49049429657795,10,85.0,1.7346938775510203,1234.2666666666667,0.871428571428572,13.958888888888888,1,3,0.3308809523809524
-16.2,375.7,86.0,12.800999999999998,19,12,-17.3,340.1,48.0,125196.0,13,2018,3,0,5,17,0,2018-03-05 17:57:30,2018-03-05 18:57:41,3611.0,1.0030555555555556,35.599999999999966,38.0,28.0,37.88424259207976,7,67.0,2.392857142857143,262.6,0.936842105263157,14.961944444444443,1,3,0.33686842105263154
-16.0,375.7,80.0,16.064,15,5,-15.9,332.2,31.0,125289.0,13,2018,3,1,6,13,0,2018-03-06 13:51:51,2018-03-06 15:01:11,4160.0,1.1555555555555554,43.5,49.0,55.0,42.40384615384616,10,93.0,1.690909090909091,1134.1666666666667,0.8877551020408163,16.1175,1,3,0.32783673469387753
-16.1,371.3,78.0,10.191,10,1,-3.0,337.8,47.0,125356.0,13,2018,3,2,7,7,0,2018-03-07 07:17:39,2018-03-07 07:57:49,2410.0,0.6694444444444444,33.5,31.0,33.0,46.30705394190872,9,67.0,2.0303030303030303,976.4666666666667,1.0806451612903225,16.786944444444444,1,3,0.328741935483871
-16.0,375.6,84.0,11.829,12,4,-8.0,340.6,49.0,125402.0,13,2018,3,2,7,11,0,2018-03-07 11:33:51,2018-03-07 12:34:24,3633.0,1.0091666666666668,35.0,35.0,29.0,34.68208092485549,8,46.0,1.5862068965517242,216.03333333333333,1.0,17.79611111111111,1,3,0.3379714285714286
-16.0,375.6,85.0,14.505999999999998,17,8,-12.7,336.3,43.0,125490.0,13,2018,3,2,7,17,0,2018-03-07 17:22:56,2018-03-07 18:27:26,3870.0,1.075,39.30000000000001,42.0,41.0,39.06976744186046,9,88.0,2.1463414634146343,288.53333333333336,0.9357142857142859,18.87111111111111,1,3,0.34538095238095234
-16.0,375.7,79.0,21.982,20,9,-1.6,318.0,11.0,125616.0,13,2018,3,3,8,16,0,2018-03-08 16:29:13,2018-03-08 17:54:53,5140.0,1.4277777777777778,57.69999999999999,68.0,74.0,47.62645914396887,11,126.0,1.7027027027027026,1321.7833333333333,0.8485294117647058,20.298888888888886,1,3,0.32326470588235295
-30.4,370.3,80.0,15.175999999999998,18,6,-84.4,333.9,33.0,125715.0,13,2018,3,4,9,10,0,2018-03-09 10:31:36,2018-03-09 11:11:06,2370.0,0.6583333333333333,36.400000000000034,47.0,46.0,71.39240506329114,12,99.0,2.152173913043478,996.7166666666667,0.7744680851063837,20.95722222222222,1,3,0.32289361702127656
-16.1,375.6,81.0,16.504,21,12,-19.1,331.9,30.0,125801.0,13,2018,3,4,9,16,0,2018-03-09 16:29:30,2018-03-09 17:41:30,4320.0,1.2,43.700000000000045,51.0,50.0,42.5,9,86.0,1.72,318.4,0.8568627450980401,22.15722222222222,1,3,0.32360784313725494
-16.1,373.5,79.0,16.529,16,7,-31.5,330.7,28.0,126281.0,13,2018,3,0,12,11,0,2018-03-12 11:39:21,2018-03-12 12:43:54,3873.0,1.0758333333333334,42.80000000000001,51.0,53.0,47.40511231603408,9,480.0,9.056603773584905,3957.85,0.83921568627451,23.233055555555552,1,3,0.32409803921568625
-30.0,368.3,74.0,8.922,21,15,-64.8,343.3,46.0,126367.0,13,2018,3,0,12,17,0,2018-03-12 17:42:51,2018-03-12 18:07:51,1500.0,0.4166666666666667,25.0,28.0,33.0,67.2,6,86.0,2.606060606060606,298.95,0.8928571428571429,23.64972222222222,1,3,0.31864285714285717
-16.1,373.3,82.0,8.752,17,11,-63.6,351.3,56.0,126524.0,13,2018,3,2,14,9,0,2018-03-14 09:19:26,2018-03-14 10:00:42,2476.0,0.6877777777777778,22.0,26.0,18.0,37.802907915993536,6,157.0,8.722222222222221,2351.5833333333335,0.8461538461538461,24.3375,1,3,0.33661538461538465
-65.8,368.7,69.0,3.6689999999999996,19,15,-20.4,350.0,58.0,126581.0,13,2018,3,2,14,18,0,2018-03-14 18:34:31,2018-03-14 18:43:51,560.0,0.15555555555555556,18.69999999999999,11.0,24.0,70.71428571428571,4,57.0,2.375,513.8166666666667,1.699999999999999,24.493055555555554,1,3,0.33354545454545453
-20.0,372.1,78.0,6.112,14,10,-38.3,352.8,60.0,126601.0,13,2018,3,3,15,7,0,2018-03-15 07:17:37,2018-03-15 07:51:08,2011.0,0.5586111111111111,19.30000000000001,18.0,9.0,32.222774738935854,4,20.0,2.2222222222222223,753.7666666666667,1.0722222222222229,25.051666666666666,1,3,0.33955555555555555
-16.2,371.9,80.0,10.357999999999999,17,11,-1.8,339.9,49.0,126670.0,13,2018,3,3,15,18,0,2018-03-15 18:44:53,2018-03-15 19:23:33,2320.0,0.6444444444444445,32.0,31.0,29.0,48.103448275862064,6,69.0,2.3793103448275863,653.75,1.032258064516129,25.69611111111111,1,3,0.33412903225806445
-16.2,375.7,88.0,11.169,13,5,-2.9,341.5,55.0,126721.0,13,2018,3,4,16,9,0,2018-03-16 09:04:27,2018-03-16 10:00:47,3380.0,0.9388888888888889,34.19999999999999,33.0,25.0,35.14792899408284,8,51.0,2.04,820.9,1.036363636363636,26.635,1,3,0.33845454545454545
-16.2,375.7,87.0,13.193,23,16,-1.9,338.7,47.0,127159.0,13,2018,3,0,19,17,0,2018-03-19 17:32:37,2018-03-19 18:30:17,3460.0,0.9611111111111111,37.0,40.0,41.0,41.61849710982659,7,438.0,10.682926829268293,4771.833333333333,0.925,27.596111111111114,1,3,0.329825
-16.3,371.7,77.0,13.975999999999999,20,11,-65.8,340.7,35.0,127267.0,13,2018,3,1,20,11,0,2018-03-20 11:17:25,2018-03-20 12:03:35,2770.0,0.7694444444444445,31.0,42.0,52.0,54.58483754512635,9,108.0,2.076923076923077,1007.1333333333333,0.7380952380952381,28.36555555555556,1,3,0.33276190476190476
-16.2,375.7,83.0,19.797,22,12,-53.3,329.1,22.0,127459.0,13,2018,3,2,21,16,0,2018-03-21 16:52:08,2018-03-21 18:12:39,4831.0,1.3419444444444444,46.599999999999966,61.0,62.0,45.45642724073691,10,130.0,2.096774193548387,1337.7333333333333,0.7639344262295077,30.333333333333336,1,3,0.32454098360655736
-5.7,365.0,72.0,7.745,15,10,-20.9,341.0,48.0,127674.0,13,2018,3,4,23,8,0,2018-03-23 08:55:11,2018-03-23 09:35:52,2441.0,0.6780555555555555,24.0,24.0,30.0,35.39532978287587,5,86.0,2.8666666666666667,1015.4166666666666,1.0,32.22805555555556,1,3,0.3227083333333333
-16.1,375.6,79.0,20.515,29,19,-18.5,322.4,16.0,127791.0,13,2018,3,4,23,17,0,2018-03-23 17:41:43,2018-03-23 19:01:25,4782.0,1.3283333333333334,53.200000000000045,63.0,56.0,47.42785445420326,10,117.0,2.0892857142857144,485.85,0.8444444444444452,33.55638888888889,1,3,0.32563492063492067
-16.1,375.7,86.0,13.157,20,13,-14.4,339.4,47.0,127887.0,13,2018,3,5,24,10,0,2018-03-24 10:16:44,2018-03-24 11:14:44,3480.0,0.9666666666666667,36.30000000000001,39.0,32.0,40.3448275862069,7,96.0,3.0,915.3166666666667,0.930769230769231,34.52305555555556,1,3,0.3373589743589744
-63.8,363.2,60.0,9.869,29,23,-22.5,331.2,29.0,128018.0,13,2018,3,5,24,18,0,2018-03-24 18:44:45,2018-03-24 19:11:28,1603.0,0.4452777777777778,32.0,31.0,57.0,69.61946350592639,6,131.0,2.2982456140350878,450.01666666666665,1.032258064516129,34.968333333333334,1,3,0.3183548387096774
-16.3,373.6,82.0,7.233,22,15,-64.0,359.4,61.0,128136.0,13,2018,3,0,26,13,0,2018-03-26 13:09:16,2018-03-26 13:44:26,2110.0,0.5861111111111111,14.200000000000045,21.0,-1.0,35.829383886255926,7,118.0,-118.0,2517.8,0.6761904761904783,35.55444444444444,1,3,0.3444285714285714
-16.2,375.9,82.0,7.902,19,15,-31.5,353.2,59.0,128193.0,13,2018,3,1,27,10,0,2018-03-27 10:36:02,2018-03-27 11:20:16,2654.0,0.7372222222222222,22.69999999999999,23.0,23.0,31.19819140919367,4,57.0,2.4782608695652173,1251.6,0.98695652173913,36.291666666666664,1,3,0.34356521739130436
-16.2,375.7,84.0,2.611,30,27,-30.0,371.5,76.0,128312.0,13,2018,3,1,27,19,0,2018-03-27 19:37:53,2018-03-27 20:01:53,1440.0,0.4,4.199999999999989,8.0,6.0,20.0,3,119.0,19.833333333333332,497.6166666666667,0.5249999999999986,36.69166666666666,1,3,0.326375
-16.2,375.8,87.0,14.652999999999999,29,22,-2.8,336.5,42.0,128415.0,13,2018,3,2,28,17,0,2018-03-28 17:01:45,2018-03-28 18:02:35,3650.0,1.0138888888888888,39.30000000000001,45.0,42.0,44.38356164383562,7,103.0,2.4523809523809526,1259.8666666666666,0.8733333333333336,37.70555555555555,1,3,0.3256222222222222
-29.9,371.5,78.0,7.271,21,16,-44.4,349.8,56.0,128493.0,13,2018,3,3,29,9,0,2018-03-29 09:42:44,2018-03-29 10:07:24,1480.0,0.4111111111111111,21.69999999999999,22.0,31.0,53.513513513513516,5,78.0,2.5161290322580645,940.15,0.9863636363636359,38.11666666666666,1,3,0.3305
-16.1,375.7,82.0,16.421,27,20,-12.7,332.1,32.0,128595.0,13,2018,3,3,29,19,0,2018-03-29 19:08:00,2018-03-29 20:14:00,3960.0,1.1,43.599999999999966,50.0,46.0,45.45454545454545,7,102.0,2.217391304347826,540.6,0.8719999999999993,39.21666666666666,1,3,0.32842
-16.3,375.7,87.0,21.658,28,19,-5.1,319.5,20.0,128748.0,13,2018,3,4,30,16,0,2018-03-30 16:12:38,2018-03-30 17:37:21,5083.0,1.4119444444444444,56.19999999999999,67.0,62.0,47.45229195357073,9,153.0,2.467741935483871,1198.6333333333334,0.8388059701492535,40.628611111111105,1,3,0.3232537313432836
-16.1,371.7,78.0,6.96,19,14,-46.6,351.7,57.0,128813.0,13,2018,3,5,31,8,0,2018-03-31 08:20:09,2018-03-31 08:47:49,1660.0,0.46111111111111114,20.0,21.0,30.0,45.54216867469879,5,65.0,2.1666666666666665,882.8,0.9523809523809523,41.089722222222214,1,3,0.3314285714285714
-16.2,373.4,83.0,14.074000000000002,29,20,-12.0,335.4,40.0,128910.0,13,2018,3,5,31,13,0,2018-03-31 13:49:54,2018-03-31 14:41:24,3090.0,0.8583333333333333,38.0,43.0,38.0,50.09708737864078,9,97.0,2.5526315789473686,302.0833333333333,0.8837209302325582,41.94805555555555,1,3,0.3273023255813954
-16.2,375.6,82.0,14.582,31,24,-65.9,342.5,38.0,129027.0,13,2018,3,5,31,20,0,2018-03-31 20:08:04,2018-03-31 21:07:15,3551.0,0.9863888888888889,33.10000000000002,44.0,45.0,44.60715291467192,7,117.0,2.6,326.6666666666667,0.7522727272727278,42.93444444444444,1,3,0.33140909090909093
-16.2,375.7,87.0,19.646,32,22,-65.9,328.0,27.0,129170.0,13,2018,4,6,1,14,0,2018-04-01 14:26:17,2018-04-01 15:40:59,4482.0,1.245,47.69999999999999,60.0,55.0,48.192771084337345,10,143.0,2.6,1039.0333333333333,0.7949999999999998,44.179444444444435,1,3,0.32743333333333335
-16.2,374.3,82.0,17.204,34,25,-14.8,329.5,29.0,129300.0,13,2018,4,6,1,20,0,2018-04-01 20:41:25,2018-04-01 21:43:46,3741.0,1.0391666666666666,44.80000000000001,53.0,58.0,51.00240577385726,9,130.0,2.2413793103448274,300.43333333333334,0.8452830188679248,45.2186111111111,1,3,0.32460377358490566
-16.2,375.4,82.0,11.797,29,22,-64.9,350.8,47.0,129413.0,13,2018,4,0,2,13,0,2018-04-02 13:12:56,2018-04-02 14:04:36,3100.0,0.8611111111111112,24.599999999999966,35.0,35.0,40.64516129032258,7,113.0,3.2285714285714286,929.1666666666666,0.7028571428571418,46.079722222222216,1,3,0.3370571428571429
-16.1,375.7,84.0,8.037,28,25,-9.7,352.7,60.0,129474.0,13,2018,4,0,2,19,0,2018-04-02 19:59:34,2018-04-02 20:41:54,2540.0,0.7055555555555556,23.0,24.0,22.0,34.01574803149606,3,61.0,2.772727272727273,354.96666666666664,0.9583333333333334,46.78527777777777,1,3,0.33487500000000003
-8.2,375.1,88.0,16.047,19,8,-5.3,331.2,38.0,129569.0,13,2018,4,1,3,17,0,2018-04-03 17:30:56,2018-04-03 18:44:06,4390.0,1.2194444444444446,43.900000000000034,50.0,46.0,41.00227790432802,11,95.0,2.0652173913043477,1249.0333333333333,0.8780000000000007,48.00472222222221,1,3,0.32094
-16.2,374.5,82.0,15.915,21,11,-65.9,338.8,30.0,129760.0,13,2018,4,2,4,19,0,2018-04-04 19:08:27,2018-04-04 20:20:12,4305.0,1.1958333333333333,35.69999999999999,52.0,58.0,43.48432055749129,10,191.0,3.293103448275862,1464.35,0.6865384615384613,49.200555555555546,1,3,0.3060576923076923
-64.7,366.3,63.0,11.743,15,8,-9.9,326.8,26.0,129862.0,13,2018,4,3,5,20,0,2018-04-05 20:26:02,2018-04-05 20:58:12,1930.0,0.5361111111111111,39.5,37.0,56.0,69.01554404145078,7,102.0,1.8214285714285714,1445.8333333333333,1.0675675675675675,49.73666666666666,1,3,0.3173783783783784
-16.1,374.9,77.0,16.833,18,9,-65.7,338.3,24.0,129936.0,13,2018,4,4,6,14,0,2018-04-06 14:02:21,2018-04-06 15:15:41,4400.0,1.2222222222222223,36.599999999999966,53.0,39.0,43.36363636363636,9,74.0,1.8974358974358974,1024.15,0.6905660377358485,50.95888888888888,1,3,0.31760377358490566
-16.1,375.2,85.0,21.07,23,13,-59.7,325.7,21.0,130118.0,13,2018,4,5,7,15,0,2018-04-07 15:25:20,2018-04-07 16:48:30,4990.0,1.386111111111111,49.5,64.0,56.0,46.17234468937876,10,182.0,3.25,1449.65,0.7734375,52.34499999999999,1,3,0.32921875
-16.2,374.0,84.0,16.166,25,14,-63.7,333.1,34.0,130239.0,13,2018,4,5,7,21,0,2018-04-07 21:52:50,2018-04-07 22:55:21,3751.0,1.0419444444444443,40.89999999999998,50.0,51.0,47.987203412423355,11,121.0,2.372549019607843,304.3333333333333,0.8179999999999995,53.38694444444444,1,3,0.32332
-64.8,360.5,58.0,7.624,23,17,-17.0,332.8,34.0,130356.0,13,2018,4,6,8,19,0,2018-04-08 19:54:09,2018-04-08 20:14:29,1220.0,0.3388888888888889,27.69999999999999,24.0,50.0,70.81967213114754,6,117.0,2.34,1258.8,1.1541666666666661,53.72583333333333,1,3,0.31766666666666665
-16.3,375.8,83.0,7.912000000000001,17,12,-24.7,352.6,59.0,130417.0,13,2018,4,0,9,11,0,2018-04-09 11:54:07,2018-04-09 12:38:39,2672.0,0.7422222222222222,23.19999999999999,24.0,24.0,32.33532934131736,5,61.0,2.5416666666666665,890.65,0.9666666666666662,55.254999999999995,1,3,0.3296666666666667
-16.1,375.8,79.0,19.964000000000002,34,22,-12.2,324.3,18.0,130812.0,13,2018,4,2,11,14,0,2018-04-11 14:36:39,2018-04-11 15:51:28,4489.0,1.2469444444444444,51.5,61.0,66.0,48.91958119848519,12,344.0,5.212121212121212,2754.9333333333334,0.8442622950819673,57.20194444444444,1,3,0.3272786885245902
-16.1,375.6,86.0,19.16,23,13,-9.9,325.6,27.0,131082.0,13,2018,4,4,13,17,0,2018-04-13 17:03:46,2018-04-13 18:18:09,4463.0,1.2397222222222222,50.0,59.0,58.0,47.59130629621331,10,128.0,2.206896551724138,1550.25,0.847457627118644,59.187777777777775,1,3,0.3247457627118644
-16.2,375.4,78.0,16.752,26,16,-65.9,340.4,29.0,131214.0,13,2018,4,5,14,14,0,2018-04-14 14:19:54,2018-04-14 15:24:36,3882.0,1.0783333333333334,35.0,49.0,57.0,45.44049459041731,10,132.0,2.3157894736842106,1201.75,0.7142857142857143,60.26611111111111,1,3,0.3418775510204081
-16.1,375.7,87.0,18.405,29,17,-6.9,327.7,30.0,131352.0,13,2018,4,6,15,14,0,2018-04-15 14:51:33,2018-04-15 16:02:43,4270.0,1.1861111111111111,48.0,57.0,48.0,48.05620608899297,12,138.0,2.875,1406.95,0.8421052631578947,61.45222222222222,1,3,0.3228947368421053
-16.2,375.7,86.0,15.395,23,15,-31.5,335.2,40.0,131460.0,13,2018,4,0,16,10,0,2018-04-16 10:07:00,2018-04-16 11:11:22,3862.0,1.0727777777777778,40.5,46.0,47.0,42.87933713102019,8,108.0,2.297872340425532,1084.2833333333333,0.8804347826086957,62.525,1,3,0.33467391304347827
-16.2,375.9,86.0,10.228,24,18,-64.7,350.8,56.0,131563.0,13,2018,4,1,17,11,0,2018-04-17 11:31:01,2018-04-17 12:21:01,3000.0,0.8333333333333334,25.099999999999966,30.0,30.0,36.0,6,103.0,3.433333333333333,1459.65,0.8366666666666656,63.358333333333334,1,3,0.3409333333333333
-16.2,371.9,82.0,14.032,29,22,-65.9,335.5,39.0,131683.0,13,2018,4,1,17,20,0,2018-04-17 20:42:34,2018-04-17 21:26:24,2630.0,0.7305555555555555,36.39999999999998,43.0,47.0,58.85931558935361,7,120.0,2.5531914893617023,501.55,0.8465116279069762,64.08888888888889,1,3,0.32632558139534884
-16.2,375.7,82.0,16.410999999999998,31,22,-65.9,336.1,32.0,131790.0,13,2018,4,2,18,14,0,2018-04-18 14:25:33,2018-04-18 15:30:29,3896.0,1.0822222222222222,39.599999999999966,50.0,50.0,46.20123203285421,9,107.0,2.14,1019.15,0.7919999999999994,65.17111111111112,1,3,0.32821999999999996
-16.1,375.8,85.0,7.938,31,27,-64.9,356.8,61.0,131855.0,13,2018,4,2,18,19,0,2018-04-18 19:43:20,2018-04-18 20:25:30,2530.0,0.7027777777777777,19.0,24.0,21.0,34.1501976284585,4,65.0,3.0952380952380953,252.85,0.7916666666666666,65.8738888888889,1,3,0.33075
-16.3,375.8,86.0,17.597,33,24,-18.7,330.1,32.0,131985.0,13,2018,4,3,19,14,0,2018-04-19 14:23:49,2018-04-19 15:38:50,4501.0,1.2502777777777778,45.69999999999999,54.0,53.0,43.19040213285936,9,130.0,2.452830188679245,1078.3166666666666,0.8462962962962961,67.12416666666668,1,3,0.3258703703703704
-16.2,372.2,74.0,18.767,26,17,-56.8,323.8,15.0,132217.0,13,2018,4,5,21,17,0,2018-04-21 17:48:00,2018-04-21 18:54:00,3960.0,1.1,48.39999999999998,59.0,71.0,53.63636363636363,9,232.0,3.267605633802817,3009.1666666666665,0.8203389830508471,68.22416666666668,1,3,0.31808474576271184
-16.4,373.1,75.0,17.333,24,16,-31.6,328.2,21.0,132333.0,13,2018,4,6,22,17,0,2018-04-22 17:29:41,2018-04-22 18:31:54,3733.0,1.0369444444444444,44.900000000000034,54.0,53.0,52.07607822126975,8,116.0,2.188679245283019,1355.6833333333334,0.8314814814814822,69.26111111111112,1,3,0.3209814814814815
-16.1,375.3,83.0,7.972,23,16,-11.5,351.7,59.0,132380.0,13,2018,4,0,23,14,0,2018-04-23 14:42:19,2018-04-23 15:24:29,2530.0,0.7027777777777777,23.600000000000023,24.0,16.0,34.1501976284585,7,47.0,2.9375,1210.4166666666667,0.9833333333333343,69.9638888888889,1,3,0.33216666666666667
-29.9,370.6,76.0,17.692999999999998,26,17,-12.9,321.2,21.0,132525.0,13,2018,4,1,24,9,0,2018-04-24 09:38:30,2018-04-24 10:29:50,3080.0,0.8555555555555555,49.400000000000034,55.0,62.0,64.28571428571429,9,145.0,2.338709677419355,1094.0166666666667,0.8981818181818187,70.81944444444446,1,3,0.321690909090909
-16.2,375.5,79.0,18.206,33,26,-31.8,329.4,23.0,132632.0,13,2018,4,1,24,17,0,2018-04-24 17:59:16,2018-04-24 19:09:24,4208.0,1.1688888888888889,46.10000000000002,56.0,53.0,47.90874524714829,7,107.0,2.018867924528302,449.43333333333334,0.8232142857142861,71.98833333333334,1,3,0.3251071428571429
-16.2,371.6,78.0,9.125,23,17,-65.7,348.0,51.0,132716.0,13,2018,4,2,25,9,0,2018-04-25 09:21:59,2018-04-25 09:53:50,1911.0,0.5308333333333334,23.600000000000023,27.0,28.0,50.863422291993714,6,84.0,3.0,852.5833333333334,0.8740740740740749,72.51916666666668,1,3,0.33796296296296297
-16.3,375.6,87.0,11.843,33,25,-66.0,349.4,52.0,132808.0,13,2018,4,2,25,17,0,2018-04-25 17:23:33,2018-04-25 18:16:13,3160.0,0.8777777777777778,26.200000000000045,35.0,26.0,39.87341772151899,8,92.0,3.5384615384615383,449.71666666666664,0.7485714285714299,73.39694444444446,1,3,0.33837142857142855
-16.3,373.4,81.0,15.002,27,19,-17.6,333.1,35.0,132924.0,13,2018,4,3,26,10,0,2018-04-26 10:46:30,2018-04-26 11:40:42,3252.0,0.9033333333333333,40.299999999999955,46.0,52.0,50.92250922509225,8,116.0,2.230769230769231,990.2833333333333,0.8760869565217382,74.3002777777778,1,3,0.3261304347826087
-16.1,375.8,88.0,13.644,35,28,-12.7,339.7,47.0,133016.0,13,2018,4,3,26,17,0,2018-04-26 17:18:26,2018-04-26 18:15:36,3430.0,0.9527777777777777,36.10000000000002,41.0,34.0,43.032069970845484,7,92.0,2.7058823529411766,337.73333333333335,0.8804878048780493,75.25305555555558,1,3,0.33278048780487807
-16.3,374.9,86.0,12.880999999999998,27,19,-31.3,340.5,48.0,133119.0,13,2018,4,4,27,9,0,2018-04-27 09:19:17,2018-04-27 10:13:04,3227.0,0.8963888888888889,34.39999999999998,38.0,40.0,42.392314843507904,8,103.0,2.575,903.6833333333333,0.9052631578947362,76.14944444444447,1,3,0.33897368421052626
-16.2,375.8,88.0,10.995,32,27,-31.6,347.3,55.0,133197.0,13,2018,4,4,27,18,0,2018-04-27 18:14:37,2018-04-27 19:04:57,3020.0,0.8388888888888889,28.5,33.0,31.0,39.33774834437086,5,78.0,2.5161290322580645,481.55,0.8636363636363636,76.98833333333336,1,3,0.33318181818181813
-16.3,375.7,88.0,11.440999999999999,29,22,-21.5,345.4,53.0,133283.0,13,2018,4,5,28,13,0,2018-04-28 13:11:57,2018-04-28 14:04:04,3127.0,0.8686111111111111,30.30000000000001,35.0,35.0,40.29421170450912,7,86.0,2.4571428571428573,1087.0,0.865714285714286,77.85694444444447,1,3,0.3268857142857143
-16.3,375.8,88.0,15.482999999999999,36,28,-64.0,338.5,40.0,133406.0,13,2018,4,5,28,19,0,2018-04-28 19:24:07,2018-04-28 20:26:10,3723.0,1.0341666666666667,37.30000000000001,48.0,48.0,46.414182111200645,8,123.0,2.5625,320.05,0.7770833333333336,78.89111111111113,1,3,0.3225625
-16.3,371.8,75.0,21.141,36,28,-63.5,319.6,9.0,133579.0,13,2018,4,6,29,13,0,2018-04-29 13:46:49,2018-04-29 14:51:04,3855.0,1.0708333333333333,52.19999999999999,66.0,79.0,61.63424124513619,8,173.0,2.189873417721519,1040.65,0.7909090909090908,79.96194444444447,1,3,0.3203181818181818
-16.1,373.2,78.0,5.608,36,33,-12.2,356.9,61.0,133612.0,13,2018,4,6,29,16,0,2018-04-29 16:15:55,2018-04-29 16:42:55,1620.0,0.45,16.30000000000001,17.0,14.0,37.77777777777778,3,33.0,2.357142857142857,84.85,0.9588235294117654,80.41194444444447,1,3,0.32988235294117646
-16.2,371.9,76.0,11.67,36,29,-63.7,342.4,40.0,133702.0,13,2018,4,6,29,20,0,2018-04-29 20:26:41,2018-04-29 21:04:56,2295.0,0.6375,29.5,36.0,38.0,56.47058823529412,7,90.0,2.3684210526315788,223.76666666666668,0.8194444444444444,81.04944444444448,1,3,0.32416666666666666
-64.8,367.0,72.0,12.308,37,27,-48.4,330.9,33.0,133826.0,13,2018,4,0,30,0,0,2018-04-30 00:01:21,2018-04-30 00:33:51,1950.0,0.5416666666666666,36.10000000000002,39.0,43.0,72.0,10,124.0,2.883720930232558,176.41666666666666,0.9256410256410262,81.59111111111115,1,3,0.31558974358974357
-16.3,373.0,81.0,19.993,34,27,-31.5,321.7,18.0,133942.0,13,2018,4,0,30,14,0,2018-04-30 14:17:30,2018-04-30 15:27:03,4173.0,1.1591666666666667,51.30000000000001,63.0,54.0,54.34938892882818,7,116.0,2.1481481481481484,823.65,0.8142857142857145,82.75027777777781,1,3,0.3173492063492063
-16.2,372.4,84.0,13.647,34,26,-23.7,336.1,42.0,134048.0,13,2018,4,0,30,20,0,2018-04-30 20:18:38,2018-04-30 21:04:11,2733.0,0.7591666666666667,36.299999999999955,42.0,39.0,55.3238199780461,8,106.0,2.717948717948718,291.5833333333333,0.8642857142857132,83.50944444444448,1,3,0.32492857142857146
-30.0,371.4,78.0,14.811,31,23,-8.2,329.8,32.0,134160.0,13,2018,5,1,1,12,0,2018-05-01 12:16:40,2018-05-01 13:00:30,2630.0,0.7305555555555555,41.599999999999966,46.0,52.0,62.96577946768061,8,112.0,2.1538461538461537,912.4833333333333,0.9043478260869557,84.24000000000004,1,3,0.3219782608695652
-16.2,375.7,88.0,13.696,32,26,-59.6,341.3,47.0,134242.0,13,2018,5,1,1,16,0,2018-05-01 16:34:41,2018-05-01 17:33:22,3521.0,0.9780555555555556,34.39999999999998,41.0,31.0,41.9199091167282,6,82.0,2.6451612903225805,214.18333333333334,0.8390243902439019,85.2180555555556,1,3,0.3340487804878049
-16.2,372.2,76.0,16.303,30,22,-15.8,329.1,26.0,134371.0,13,2018,5,2,2,20,0,2018-05-02 20:13:30,2018-05-02 21:05:50,3140.0,0.8722222222222222,43.099999999999966,50.0,62.0,57.324840764331206,8,129.0,2.0806451612903225,1600.1333333333334,0.8619999999999993,86.09027777777781,1,3,0.32606
-16.2,374.0,80.0,15.671,26,18,-21.0,332.4,32.0,134479.0,13,2018,5,4,4,9,0,2018-05-04 09:15:09,2018-05-04 10:15:32,3623.0,1.006388888888889,41.60000000000002,48.0,44.0,47.69528015456803,8,108.0,2.4545454545454546,2169.3166666666666,0.8666666666666671,87.0966666666667,1,3,0.32647916666666665
-16.2,375.8,87.0,16.672,32,23,-8.8,331.7,36.0,134642.0,13,2018,5,5,5,15,0,2018-05-05 15:06:02,2018-05-05 16:11:52,3950.0,1.0972222222222223,44.10000000000002,51.0,50.0,46.48101265822785,9,121.0,2.42,1366.7833333333333,0.8647058823529417,88.81333333333338,1,3,0.3269019607843137
-16.1,372.8,76.0,20.913,30,20,-9.0,318.9,10.0,134805.0,13,2018,5,6,6,11,0,2018-05-06 11:46:08,2018-05-06 12:54:18,4090.0,1.136111111111111,53.900000000000034,66.0,77.0,58.09290953545232,10,163.0,2.116883116883117,1174.2666666666667,0.8166666666666672,89.94944444444448,1,3,0.31686363636363635
-16.2,373.7,81.0,15.970999999999998,37,30,-2.3,331.4,32.0,134918.0,13,2018,5,6,6,18,0,2018-05-06 18:52:28,2018-05-06 19:48:49,3381.0,0.9391666666666667,42.30000000000001,49.0,44.0,52.17391304347826,7,113.0,2.5681818181818183,358.1666666666667,0.8632653061224492,90.88861111111115,1,3,0.32593877551020406
-16.4,375.8,87.0,15.29,33,25,-63.9,337.8,40.0,135022.0,13,2018,5,0,7,16,0,2018-05-07 16:39:46,2018-05-07 17:44:07,3861.0,1.0725,38.0,47.0,41.0,43.82284382284382,8,104.0,2.5365853658536586,1250.95,0.8085106382978723,91.96111111111115,1,3,0.3253191489361702
-16.3,375.8,86.0,18.239,31,22,-61.9,330.8,30.0,135164.0,13,2018,5,1,8,12,0,2018-05-08 12:39:50,2018-05-08 13:49:45,4195.0,1.1652777777777779,45.0,56.0,57.0,48.05721096543504,9,142.0,2.491228070175439,1135.7166666666667,0.8035714285714286,93.12638888888893,1,3,0.3256964285714286
-16.3,375.8,86.0,9.14,32,28,-107.6,355.8,59.0,135232.0,13,2018,5,1,8,19,0,2018-05-08 19:40:42,2018-05-08 20:26:22,2740.0,0.7611111111111111,20.0,27.0,27.0,35.47445255474453,4,68.0,2.5185185185185186,350.95,0.7407407407407407,93.88750000000003,1,3,0.33851851851851855
-16.6,372.5,84.0,14.962,35,25,-109.0,337.3,38.0,135354.0,13,2018,5,3,10,20,0,2018-05-10 20:11:26,2018-05-10 20:53:56,2550.0,0.7083333333333334,35.19999999999999,46.0,48.0,64.94117647058823,10,122.0,2.5416666666666665,2865.0666666666666,0.7652173913043476,94.59583333333336,1,3,0.3252608695652174
-16.1,375.8,86.0,10.072000000000001,27,23,-64.9,352.5,57.0,135423.0,13,2018,5,4,11,11,0,2018-05-11 11:25:04,2018-05-11 12:12:54,2870.0,0.7972222222222223,23.30000000000001,29.0,27.0,36.37630662020906,4,69.0,2.5555555555555554,871.1333333333333,0.8034482758620693,95.39305555555558,1,3,0.3473103448275862
-30.0,370.2,75.0,14.897,32,24,-65.6,331.8,29.0,135556.0,13,2018,5,4,11,20,0,2018-05-11 20:18:10,2018-05-11 20:59:53,2503.0,0.6952777777777778,38.39999999999998,46.0,57.0,66.16060727127447,8,133.0,2.3333333333333335,485.26666666666665,0.8347826086956517,96.08833333333335,1,3,0.3238478260869565
-16.3,375.7,78.0,19.182000000000002,27,18,-63.9,329.4,20.0,135675.0,13,2018,5,6,13,10,0,2018-05-13 10:06:56,2018-05-13 11:20:33,4417.0,1.2269444444444444,46.30000000000001,58.0,55.0,47.271904007244736,9,119.0,2.1636363636363636,2227.05,0.7982758620689657,97.3152777777778,1,3,0.3307241379310345
-11.4,372.0,84.0,16.845,37,29,-81.7,331.3,32.0,135804.0,13,2018,5,6,13,18,0,2018-05-13 18:54:46,2018-05-13 19:47:26,3160.0,0.8777777777777778,40.69999999999999,52.0,46.0,59.24050632911393,8,129.0,2.8043478260869565,454.21666666666664,0.7826923076923075,98.19305555555557,1,3,0.3239423076923077
-16.3,375.7,85.0,17.782,37,30,-16.5,332.0,30.0,135949.0,13,2018,5,0,14,16,0,2018-05-14 16:50:09,2018-05-14 18:00:29,4220.0,1.1722222222222223,43.69999999999999,55.0,-5.0,46.91943127962085,7,0.0,-0.0,61.35,0.7945454545454543,99.51500000000001,1,3,0.32330909090909093
-16.1,375.8,79.0,19.185,36,28,-19.8,326.8,20.0,136091.0,13,2018,5,1,15,11,0,2018-05-15 11:04:41,2018-05-15 12:17:01,4340.0,1.2055555555555555,49.0,59.0,65.0,48.94009216589862,8,142.0,2.1846153846153844,1024.2,0.8305084745762712,100.72055555555556,1,3,0.3251694915254237
-16.1,375.8,87.0,9.96,35,31,-12.0,349.2,57.0,136167.0,13,2018,5,1,15,18,0,2018-05-15 18:15:09,2018-05-15 19:02:39,2850.0,0.7916666666666666,26.600000000000023,30.0,22.0,37.89473684210527,4,76.0,3.4545454545454546,358.1333333333333,0.8866666666666674,101.51222222222223,1,3,0.332
-16.3,375.8,88.0,14.661,34,26,-21.5,337.6,43.0,136278.0,13,2018,5,2,16,16,0,2018-05-16 16:38:50,2018-05-16 17:40:15,3685.0,1.023611111111111,38.19999999999999,45.0,44.0,43.96200814111262,8,111.0,2.522727272727273,1296.1833333333334,0.8488888888888886,102.53583333333334,1,3,0.3258
-22.3,371.5,80.0,12.498,29,21,-57.7,338.7,42.0,136386.0,13,2018,5,3,17,15,0,2018-05-17 15:02:03,2018-05-17 15:42:59,2456.0,0.6822222222222222,32.80000000000001,38.0,46.0,55.700325732899024,8,108.0,2.347826086956522,1281.8,0.8631578947368425,103.21805555555557,1,3,0.32889473684210524
-16.4,372.9,83.0,16.598,35,25,-97.8,332.8,32.0,136502.0,13,2018,5,3,17,20,0,2018-05-17 20:39:53,2018-05-17 21:27:13,2840.0,0.7888888888888889,40.099999999999966,51.0,48.0,64.64788732394366,10,116.0,2.4166666666666665,296.9,0.7862745098039209,104.00694444444446,1,3,0.32545098039215686
-29.8,366.4,74.0,7.154,32,26,-109.3,349.5,52.0,136583.0,13,2018,5,4,18,20,0,2018-05-18 20:40:45,2018-05-18 20:55:55,910.0,0.25277777777777777,16.899999999999977,22.0,31.0,87.03296703296704,6,81.0,2.6129032258064515,1393.5333333333333,0.7681818181818172,104.25972222222224,1,3,0.3251818181818182
-16.3,375.7,79.0,19.895,36,27,-59.7,327.3,18.0,136688.0,13,2018,5,5,19,13,0,2018-05-19 13:51:15,2018-05-19 15:07:47,4592.0,1.2755555555555556,48.39999999999998,61.0,56.0,47.822299651567945,9,105.0,1.875,1015.3333333333334,0.7934426229508194,105.5352777777778,1,3,0.32614754098360654
-16.1,372.7,83.0,15.151,28,20,-45.6,333.5,37.0,136804.0,13,2018,5,6,20,14,0,2018-05-20 14:37:01,2018-05-20 15:31:01,3240.0,0.9,39.19999999999999,46.0,42.0,51.11111111111111,8,116.0,2.761904761904762,1409.2333333333333,0.852173913043478,106.4352777777778,1,3,0.3293695652173913
-11.4,375.5,87.0,10.568,28,22,-81.6,353.2,56.0,136866.0,13,2018,5,6,20,19,0,2018-05-20 19:48:01,2018-05-20 20:50:11,3730.0,1.0361111111111112,22.30000000000001,31.0,27.0,29.919571045576404,6,62.0,2.2962962962962963,257.0,0.7193548387096778,107.47138888888891,1,3,0.3409032258064516
-16.2,375.8,85.0,9.186,36,31,-18.8,351.0,58.0,137409.0,13,2018,5,4,25,19,0,2018-05-25 19:16:29,2018-05-25 20:01:19,2690.0,0.7472222222222222,24.80000000000001,27.0,30.0,36.133828996282524,5,67.0,2.2333333333333334,422.6333333333333,0.918518518518519,108.21861111111113,1,3,0.3402222222222222
-16.2,375.8,88.0,11.939,35,28,-4.0,343.8,51.0,137486.0,13,2018,5,5,26,17,0,2018-05-26 17:38:41,2018-05-26 18:31:21,3160.0,0.8777777777777778,32.0,37.0,34.0,42.151898734177216,7,77.0,2.264705882352941,1297.3666666666666,0.8648648648648649,109.09638888888891,1,3,0.3226756756756757
-24.1,366.1,72.0,16.744,42,29,-109.0,324.9,20.0,137625.0,13,2018,5,6,27,13,0,2018-05-27 13:25:31,2018-05-27 13:55:01,1770.0,0.49166666666666664,41.200000000000045,52.0,68.0,105.76271186440678,13,139.0,2.0441176470588234,1134.1666666666667,0.7923076923076932,109.58805555555557,1,3,0.322
-16.3,375.5,78.0,17.866,30,21,-65.8,333.4,24.0,137717.0,13,2018,5,1,29,10,0,2018-05-29 10:59:35,2018-05-29 12:08:06,4111.0,1.1419444444444444,42.10000000000002,54.0,48.0,47.2877645341766,9,92.0,1.9166666666666667,2704.5666666666666,0.77962962962963,110.73000000000002,1,3,0.33085185185185184
-16.3,374.4,86.0,13.677,38,28,-65.8,341.9,44.0,137803.0,13,2018,5,2,30,16,0,2018-05-30 16:09:20,2018-05-30 17:03:50,3270.0,0.9083333333333333,32.5,42.0,34.0,46.23853211009175,10,86.0,2.5294117647058822,1681.2333333333333,0.7738095238095238,111.63833333333335,1,3,0.3256428571428571
-16.2,375.8,87.0,15.519,42,33,-64.5,337.9,40.0,138014.0,13,2018,5,3,31,19,0,2018-05-31 19:05:57,2018-05-31 20:07:17,3680.0,1.0222222222222221,37.900000000000034,47.0,46.0,45.97826086956522,9,211.0,4.586956521739131,1562.1166666666666,0.806382978723405,112.66055555555558,1,3,0.3301914893617021
-16.3,375.9,86.0,17.274,39,29,-22.6,330.6,33.0,138219.0,13,2018,6,5,2,12,0,2018-06-02 12:42:56,2018-06-02 13:50:56,4080.0,1.1333333333333333,45.299999999999955,53.0,54.0,46.76470588235294,10,205.0,3.7962962962962963,2435.65,0.8547169811320746,113.79388888888892,1,3,0.3259245283018868
-16.1,375.8,89.0,12.725,41,35,-9.6,342.6,51.0,138303.0,13,2018,6,5,2,19,0,2018-06-02 19:56:02,2018-06-02 20:50:32,3270.0,0.9083333333333333,33.19999999999999,38.0,35.0,41.8348623853211,6,84.0,2.4,365.1,0.8736842105263155,114.70222222222225,1,3,0.3348684210526316
-16.3,375.8,87.0,16.014,37,29,-59.8,335.8,39.0,138418.0,13,2018,6,6,3,15,0,2018-06-03 15:46:45,2018-06-03 16:51:11,3866.0,1.073888888888889,40.0,48.0,50.0,44.69736161407139,8,115.0,2.3,1136.2166666666667,0.8333333333333334,115.77611111111113,1,3,0.333625
-16.3,375.8,88.0,13.834000000000001,33,25,-59.6,341.5,46.0,138516.0,13,2018,6,0,4,11,0,2018-06-04 11:19:06,2018-06-04 12:18:40,3574.0,0.9927777777777778,34.30000000000001,42.0,41.0,42.305540011191944,8,98.0,2.3902439024390243,1107.9166666666667,0.816666666666667,116.76888888888891,1,3,0.32938095238095244
-16.1,374.5,89.0,12.974,41,33,-46.9,341.7,50.0,138592.0,13,2018,6,0,4,18,0,2018-06-04 18:34:12,2018-06-04 19:24:52,3040.0,0.8444444444444444,32.80000000000001,39.0,38.0,46.18421052631579,8,76.0,2.0,375.53333333333336,0.8410256410256414,117.61333333333336,1,3,0.33266666666666667
-15.4,375.8,82.0,18.578,42,32,-2.9,327.6,25.0,138694.0,13,2018,6,1,5,16,0,2018-06-05 16:08:26,2018-06-05 17:29:30,4864.0,1.3511111111111112,48.19999999999999,57.0,64.0,42.1875,10,102.0,1.59375,1243.5666666666666,0.8456140350877192,118.96444444444447,1,3,0.3259298245614035
-16.2,375.8,80.0,17.146,38,30,-25.8,331.3,29.0,138810.0,13,2018,6,2,6,14,0,2018-06-06 14:06:45,2018-06-06 15:15:41,4136.0,1.1488888888888888,44.5,51.0,53.0,44.39071566731141,8,116.0,2.188679245283019,1237.25,0.8725490196078431,120.11333333333336,1,3,0.33619607843137256
-11.5,375.6,88.0,14.788,37,29,-28.2,337.4,43.0,138902.0,13,2018,6,3,7,13,0,2018-06-07 13:19:56,2018-06-07 14:27:39,4063.0,1.128611111111111,38.200000000000045,45.0,37.0,39.87201575190746,8,92.0,2.4864864864864864,1324.25,0.8488888888888899,121.24194444444447,1,3,0.3286222222222222
-29.4,371.0,76.0,13.939,38,27,-59.7,335.1,34.0,139007.0,13,2018,6,4,8,17,0,2018-06-08 17:04:42,2018-06-08 17:49:23,2681.0,0.7447222222222222,35.89999999999998,42.0,54.0,56.39686684073107,11,105.0,1.9444444444444444,1597.05,0.8547619047619042,121.9866666666667,1,3,0.3318809523809524
-16.1,375.8,88.0,14.589,32,25,-8.4,336.5,44.0,139098.0,13,2018,6,5,9,11,0,2018-06-09 11:55:04,2018-06-09 12:55:24,3620.0,1.0055555555555555,39.30000000000001,44.0,32.0,43.75690607734807,7,91.0,2.84375,1085.6833333333334,0.8931818181818184,122.99222222222225,1,3,0.3315681818181818
-16.3,375.8,79.0,19.723,33,24,-65.8,327.3,18.0,139241.0,13,2018,6,6,10,13,0,2018-06-10 13:56:09,2018-06-10 15:11:31,4522.0,1.2561111111111112,48.5,61.0,70.0,48.562582927908004,9,143.0,2.0428571428571427,1500.75,0.7950819672131147,124.24833333333336,1,3,0.323327868852459
-16.1,375.8,87.0,13.655,29,22,-2.9,338.4,46.0,139348.0,13,2018,6,0,11,11,0,2018-06-11 11:17:49,2018-06-11 12:19:59,3730.0,1.0361111111111112,37.400000000000034,41.0,33.0,39.571045576407506,7,107.0,3.242424242424242,1206.3,0.9121951219512203,125.28444444444447,1,3,0.33304878048780484
-16.2,374.5,86.0,17.29,31,24,-65.8,333.5,33.0,139462.0,13,2018,6,2,13,10,0,2018-06-13 10:44:48,2018-06-13 11:48:30,3822.0,1.0616666666666668,41.0,53.0,54.0,49.9215070643642,7,114.0,2.111111111111111,2784.8166666666666,0.7735849056603774,126.34611111111114,1,3,0.3262264150943396
-16.3,375.6,88.0,12.462,31,25,-65.9,345.8,49.0,139557.0,13,2018,6,2,13,18,0,2018-06-13 18:58:17,2018-06-13 19:52:48,3271.0,0.9086111111111111,29.80000000000001,39.0,37.0,42.92265362274534,6,95.0,2.5675675675675675,429.78333333333336,0.7641025641025644,127.25472222222226,1,3,0.31953846153846155
-16.4,375.5,88.0,17.791,36,25,-65.9,332.2,34.0,139676.0,13,2018,6,3,14,14,0,2018-06-14 14:49:18,2018-06-14 16:00:21,4263.0,1.1841666666666666,43.30000000000001,54.0,54.0,45.60168895144265,11,119.0,2.2037037037037037,1136.5,0.801851851851852,128.43888888888893,1,3,0.32946296296296296
-16.2,375.8,81.0,17.066,35,27,-15.0,330.9,29.0,139790.0,13,2018,6,4,15,15,0,2018-06-15 15:09:15,2018-06-15 16:18:05,4130.0,1.1472222222222221,44.900000000000034,52.0,59.0,45.326876513317195,8,114.0,1.9322033898305084,1388.9,0.8634615384615392,129.58611111111114,1,3,0.32819230769230767
-12.7,375.7,89.0,20.044,38,27,-7.1,323.5,27.0,139928.0,13,2018,6,0,18,13,0,2018-06-18 13:23:06,2018-06-18 14:45:56,4970.0,1.3805555555555555,52.19999999999999,62.0,54.0,44.90945674044266,11,138.0,2.5555555555555554,4145.016666666666,0.8419354838709675,130.9666666666667,1,3,0.32329032258064516
-16.2,375.7,85.0,17.159000000000002,40,31,-16.1,330.8,33.0,140145.0,13,2018,6,2,20,17,0,2018-06-20 17:55:25,2018-06-20 19:03:27,4082.0,1.133888888888889,44.89999999999998,52.0,53.0,45.859872611464965,9,111.0,2.0943396226415096,1880.9833333333333,0.8634615384615381,133.1341666666667,1,3,0.3299807692307693
-16.2,375.8,88.0,18.391,43,33,-16.5,328.3,31.0,140266.0,13,2018,6,3,21,19,0,2018-06-21 19:40:44,2018-06-21 20:52:54,4330.0,1.2027777777777777,47.5,57.0,54.0,47.390300230946885,10,121.0,2.240740740740741,1477.2833333333333,0.8333333333333334,134.33694444444447,1,3,0.3226491228070175
-16.3,375.8,82.0,18.014,38,31,-22.8,329.1,27.0,140385.0,13,2018,6,4,22,15,0,2018-06-22 15:01:03,2018-06-22 16:11:43,4240.0,1.1777777777777778,46.69999999999999,55.0,61.0,46.698113207547166,7,119.0,1.9508196721311475,1088.15,0.8490909090909089,135.51472222222225,1,3,0.3275272727272727
-16.3,372.1,74.0,19.262999999999998,40,30,-59.5,323.6,14.0,140535.0,13,2018,6,5,23,13,0,2018-06-23 13:13:14,2018-06-23 14:17:19,3845.0,1.0680555555555555,48.5,60.0,68.0,56.17685305591677,10,150.0,2.2058823529411766,1261.5166666666667,0.8083333333333333,136.5827777777778,1,3,0.32104999999999995
-16.3,374.7,78.0,1.258,40,37,-16.3,372.1,74.0,140535.0,13,2018,6,5,23,14,0,2018-06-23 14:17:50,2018-06-23 14:30:14,744.0,0.20666666666666667,2.599999999999966,4.0,0.0,19.35483870967742,3,0.0,,0.5166666666666667,0.6499999999999915,136.78944444444448,1,3,0.3145
-16.3,375.7,80.0,16.771,43,36,-65.9,334.1,28.0,140634.0,13,2018,6,5,23,19,0,2018-06-23 19:15:47,2018-06-23 20:24:31,4124.0,1.1455555555555557,41.599999999999966,52.0,50.0,45.39282250242483,7,99.0,1.98,285.55,0.7999999999999994,137.93500000000003,1,3,0.3225192307692308
-16.3,373.9,88.0,21.32,44,35,-14.3,319.5,22.0,140758.0,13,2018,6,6,24,15,0,2018-06-24 15:18:07,2018-06-24 16:48:00,5393.0,1.4980555555555555,54.39999999999998,66.0,58.0,44.05711106990544,9,124.0,2.1379310344827585,1133.6,0.8242424242424239,139.4330555555556,1,3,0.32303030303030306
-16.3,375.7,80.0,21.745,41,32,-54.5,323.5,14.0,140908.0,13,2018,6,0,25,16,0,2018-06-25 16:45:24,2018-06-25 17:54:47,4163.0,1.156388888888889,52.19999999999999,66.0,74.0,57.074225318280085,9,150.0,2.027027027027027,1437.4,0.7909090909090908,140.5894444444445,1,3,0.32946969696969697
-16.3,375.7,89.0,13.042,37,30,-24.5,342.0,49.0,140981.0,13,2018,6,1,26,16,0,2018-06-26 16:35:07,2018-06-26 17:31:07,3360.0,0.9333333333333333,33.69999999999999,40.0,31.0,42.857142857142854,7,73.0,2.3548387096774195,1360.3333333333333,0.8424999999999997,141.52277777777783,1,3,0.32605
-15.1,374.4,86.0,17.99,38,27,-59.0,330.4,30.0,141592.0,13,2018,7,6,1,12,0,2018-07-01 12:05:54,2018-07-01 13:19:44,4430.0,1.2305555555555556,44.0,56.0,59.0,45.5079006772009,11,611.0,10.35593220338983,6874.783333333334,0.7857142857142857,142.7533333333334,1,3,0.32125
-11.7,371.8,83.0,11.087,40,33,-11.7,341.9,49.0,141661.0,13,2018,7,6,1,17,0,2018-07-01 17:02:36,2018-07-01 17:41:16,2320.0,0.6444444444444445,29.900000000000034,34.0,37.0,52.75862068965517,7,69.0,1.864864864864865,222.86666666666667,0.8794117647058833,143.39777777777783,1,3,0.3260882352941176
-16.2,375.2,85.0,20.409000000000002,40,31,-55.2,323.5,22.0,141781.0,13,2018,7,0,2,17,0,2018-07-02 17:59:48,2018-07-02 19:12:04,4336.0,1.2044444444444444,51.69999999999999,63.0,61.0,52.306273062730625,9,120.0,1.9672131147540983,1458.5333333333333,0.8206349206349205,144.60222222222228,1,3,0.323952380952381
-15.3,374.9,84.0,15.927999999999999,36,27,-48.8,334.4,35.0,141898.0,13,2018,7,1,3,13,0,2018-07-03 13:13:01,2018-07-03 14:22:11,4150.0,1.1527777777777777,40.5,49.0,50.0,42.506024096385545,9,117.0,2.34,1080.95,0.826530612244898,145.75500000000005,1,3,0.3250612244897959
-16.0,374.0,89.0,10.423,38,33,-108.8,351.3,58.0,141958.0,13,2018,7,1,3,18,0,2018-07-03 18:23:12,2018-07-03 19:04:42,2490.0,0.6916666666666667,22.69999999999999,31.0,26.0,44.81927710843374,5,60.0,2.3076923076923075,241.01666666666668,0.7322580645161286,146.44666666666672,1,3,0.33622580645161293
